step,variant,candidate_tag,node,relationship,patterns,auc,delta_auc,delta_reference,status,run_id,evolution_prompt
1,0,step_1_candidate_0,EconomicIndicator,REFERENCES,"[[""Article"", ""MENTIONS"", ""EconomicIndicator""]]",0.597254004576659,0.07551487414187641,baseline_article_embedding,rejected,fe10350f1eb54fef84a9ca753174ad31,default
1,1,step_1_candidate_1,EarningsReport,HAS_EARNINGS,"[[""Company"", ""HAS_EARNINGS"", ""EarningsReport""]]",0.7871853546910755,0.26544622425629294,baseline_article_embedding,accepted,fe10350f1eb54fef84a9ca753174ad31,default
2,0,step_2_candidate_0,RegulatoryBody,MENTIONS_REGULATORY,"[[""Article"", ""MENTIONS_REGULATORY"", ""RegulatoryBody""]]",0.5995423340961099,-0.18764302059496563,last_accepted_winner,rejected,fe10350f1eb54fef84a9ca753174ad31,default
2,1,step_2_candidate_1,CreditRating,HAS_CREDIT_RATING,"[[""Company"", ""HAS_CREDIT_RATING"", ""CreditRating""]]",0.6864988558352403,-0.10068649885583525,last_accepted_winner,rejected,fe10350f1eb54fef84a9ca753174ad31,default
3,0,step_3_candidate_0,RegulatoryAnnouncement,HAS_REGULATORY_ANNOUNCEMENT,"[[""Company"", ""HAS_REGULATORY_ANNOUNCEMENT"", ""RegulatoryAnnouncement""]]",0.6018306636155607,-0.18535469107551483,last_accepted_winner,rejected,fe10350f1eb54fef84a9ca753174ad31,default
3,1,step_3_candidate_1,Dividend,HAS_DIVIDEND,"[[""Company"", ""HAS_DIVIDEND"", ""Dividend""]]",0.643020594965675,-0.14416475972540055,last_accepted_winner,rejected,fe10350f1eb54fef84a9ca753174ad31,default
1,0,step_1_candidate_0,EconomicIndicator,REFERENCES,"[[""Article"", ""MENTIONS"", ""EconomicIndicator""]]",0.3707093821510298,-0.2791762013729976,baseline_article_embedding,rejected,798cdc6344ef4cadb84c6f9df09e6148,event_driven
1,1,step_1_candidate_1,RegulatoryBody,MENTIONS_REGULATORY_BODY,"[[""Article"", ""MENTIONS_REGULATORY_BODY"", ""RegulatoryBody""]]",0.702517162471396,0.052631578947368585,baseline_article_embedding,accepted,798cdc6344ef4cadb84c6f9df09e6148,event_driven
2,0,step_2_candidate_0,CreditRating,HAS_CREDIT_RATING,"[[""Company"", ""HAS_CREDIT_RATING"", ""CreditRating""]]",0.631578947368421,-0.07093821510297493,last_accepted_winner,rejected,798cdc6344ef4cadb84c6f9df09e6148,event_driven
2,1,step_2_candidate_1,GeographicRegion,LOCATED_IN,"[[""Company"", ""LOCATED_IN"", ""GeographicRegion""]]",0.47597254004576656,-0.2265446224256294,last_accepted_winner,rejected,798cdc6344ef4cadb84c6f9df09e6148,event_driven
3,0,step_3_candidate_0,Industry,OPERATES_IN,"[[""Company"", ""OPERATES_IN"", ""Industry""]]",0.2723112128146453,-0.43020594965675063,last_accepted_winner,rejected,798cdc6344ef4cadb84c6f9df09e6148,event_driven
3,1,step_3_candidate_1,CorporateAction,TRIGGERS,"[[""Article"", ""TRIGGERS"", ""CorporateAction""], [""Company"", ""TRIGGERS"", ""CorporateAction""]]",0.22196796338672767,-0.4805491990846683,last_accepted_winner,rejected,798cdc6344ef4cadb84c6f9df09e6148,event_driven
4,0,step_4_candidate_0,MarketEvent,TRIGGERS,"[[""Article"", ""TRIGGERS"", ""MarketEvent""], [""MarketEvent"", ""TRIGGERS"", ""Company""]]",0.30205949656750575,-0.4004576659038902,last_accepted_winner,rejected,798cdc6344ef4cadb84c6f9df09e6148,event_driven
4,1,step_4_candidate_1,EarningsReport,HAS_EARNINGS_REPORT,"[[""Company"", ""HAS_EARNINGS_REPORT"", ""EarningsReport""]]",0.5514874141876429,-0.15102974828375304,last_accepted_winner,rejected,798cdc6344ef4cadb84c6f9df09e6148,event_driven
5,0,step_5_candidate_0,Product,MENTIONS_PRODUCT,"[[""Article"", ""MENTIONS_PRODUCT"", ""Product""]]",0.7437070938215102,0.041189931350114284,last_accepted_winner,accepted,798cdc6344ef4cadb84c6f9df09e6148,event_driven
5,1,step_5_candidate_1,LegalAction,INVOLVES_LEGAL_ACTION,"[[""Article"", ""INVOLVES_LEGAL_ACTION"", ""LegalAction""]]",0.6910755148741419,-0.011441647597254079,last_accepted_winner,rejected,798cdc6344ef4cadb84c6f9df09e6148,event_driven
1,0,step_1_candidate_0,EconomicIndicator,REFERENCES,"[[""Article"", ""MENTIONS"", ""EconomicIndicator""]]",0.5377574370709383,0.016018306636155666,baseline_article_embedding,rejected,47542f41c56a41139c2b1100bda8d3b9,event_driven
1,1,step_1_candidate_1,RegulatoryBody,MENTIONS_REGULATORY_BODY,"[[""Article"", ""MENTIONS_REGULATORY_BODY"", ""RegulatoryBody""]]",0.5697940503432495,0.04805491990846689,baseline_article_embedding,accepted,47542f41c56a41139c2b1100bda8d3b9,event_driven
2,0,step_2_candidate_0,CreditRating,HAS_CREDIT_RATING,"[[""Company"", ""HAS_CREDIT_RATING"", ""CreditRating""]]",0.7299771167048055,0.160183066361556,last_accepted_winner,accepted,47542f41c56a41139c2b1100bda8d3b9,event_driven
2,1,step_2_candidate_1,GeographicRegion,LOCATED_IN,"[[""Company"", ""LOCATED_IN"", ""GeographicRegion""]]",0.4347826086956522,-0.13501144164759726,last_accepted_winner,rejected,47542f41c56a41139c2b1100bda8d3b9,event_driven
3,0,step_3_candidate_0,MarketEvent,TRIGGERS,"[[""Article"", ""TRIGGERS"", ""MarketEvent""], [""Company"", ""TRIGGERS"", ""MarketEvent""]]",0.5766590389016019,-0.1533180778032036,last_accepted_winner,rejected,47542f41c56a41139c2b1100bda8d3b9,event_driven
3,1,step_3_candidate_1,EarningsReport,HAS_EARNINGS_REPORT,"[[""Company"", ""HAS_EARNINGS_REPORT"", ""EarningsReport""]]",0.5377574370709381,-0.19221967963386732,last_accepted_winner,rejected,47542f41c56a41139c2b1100bda8d3b9,event_driven
1,0,step_1_candidate_0,EconomicIndicator,REFERENCES,"[[""Article"", ""MENTIONS"", ""EconomicIndicator""]]",0.3569794050343249,-0.2013729977116705,baseline_article_embedding,rejected,1f0899fe991849538e443ea5f5944fb6,event_driven
1,1,step_1_candidate_1,RegulatoryBody,MENTIONS_REGULATORY_BODY,"[[""Article"", ""MENTIONS_REGULATORY_BODY"", ""RegulatoryBody""]]",0.7231121281464531,0.1647597254004577,baseline_article_embedding,accepted,1f0899fe991849538e443ea5f5944fb6,event_driven
2,0,step_2_candidate_0,CreditRating,HAS_CREDIT_RATING,"[[""Company"", ""HAS_CREDIT_RATING"", ""CreditRating""]]",0.47597254004576667,-0.24713958810068642,last_accepted_winner,rejected,1f0899fe991849538e443ea5f5944fb6,event_driven
2,1,step_2_candidate_1,GeographicRegion,LOCATED_IN,"[[""Company"", ""LOCATED_IN"", ""GeographicRegion""]]",0.47139588100686497,-0.2517162471395881,last_accepted_winner,rejected,1f0899fe991849538e443ea5f5944fb6,event_driven
3,0,step_3_candidate_0,Competitor,COMPETES_WITH,"[[""Company"", ""COMPETES_WITH"", ""Competitor""]]",0.45995423340961095,-0.26315789473684215,last_accepted_winner,rejected,1f0899fe991849538e443ea5f5944fb6,event_driven
3,1,step_3_candidate_1,Industry,OPERATES_IN,"[[""Company"", ""OPERATES_IN"", ""Industry""]]",0.4279176201372998,-0.2951945080091533,last_accepted_winner,rejected,1f0899fe991849538e443ea5f5944fb6,event_driven
1,0,step_1_candidate_0,EconomicIndicator,REFERENCES,"[[""Article"", ""MENTIONS"", ""EconomicIndicator""]]",0.38443935926773454,-0.13729977116704806,baseline_article_embedding,rejected,9f374dc0f20a423c96b951a8aceb2cf4,default
1,1,step_1_candidate_1,RegulatoryBody,MENTIONS_REGULATORY_BODY,"[[""Article"", ""MENTIONS_REGULATORY_BODY"", ""RegulatoryBody""]]",0.585812356979405,0.06407322654462244,baseline_article_embedding,accepted,9f374dc0f20a423c96b951a8aceb2cf4,default
2,0,step_2_candidate_0,CreditRating,HAS_CREDIT_RATING,"[[""Company"", ""HAS_CREDIT_RATING"", ""CreditRating""]]",0.7002288329519452,0.11441647597254012,last_accepted_winner,accepted,9f374dc0f20a423c96b951a8aceb2cf4,default
2,1,step_2_candidate_1,GeographicRegion,LOCATED_IN,"[[""Company"", ""LOCATED_IN"", ""GeographicRegion""]]",0.4759725400457666,-0.10983981693363842,last_accepted_winner,rejected,9f374dc0f20a423c96b951a8aceb2cf4,default
3,0,step_3_candidate_0,MarketEvent,TRIGGERS,"[[""Article"", ""TRIGGERS"", ""MarketEvent""], [""MarketEvent"", ""TRIGGERS"", ""Company""]]",0.6132723112128147,-0.08695652173913049,last_accepted_winner,rejected,9f374dc0f20a423c96b951a8aceb2cf4,default
3,1,step_3_candidate_1,EarningsReport,HAS_EARNINGS_REPORT,"[[""Company"", ""HAS_EARNINGS_REPORT"", ""EarningsReport""]]",0.5789473684210527,-0.1212814645308925,last_accepted_winner,rejected,9f374dc0f20a423c96b951a8aceb2cf4,default
4,0,step_4_candidate_0,Executive,MENTIONS_EXECUTIVE,"[[""Article"", ""MENTIONS_EXECUTIVE"", ""Executive""]]",0.37986270022883295,-0.3203661327231122,last_accepted_winner,rejected,9f374dc0f20a423c96b951a8aceb2cf4,default
4,1,step_4_candidate_1,MarketIndex,MENTIONS_MARKET_INDEX,"[[""Article"", ""MENTIONS_MARKET_INDEX"", ""MarketIndex""]]",0.5034324942791762,-0.1967963386727689,last_accepted_winner,rejected,9f374dc0f20a423c96b951a8aceb2cf4,default
5,0,step_5_candidate_0,Industry,OPERATES_IN,"[[""Company"", ""OPERATES_IN"", ""Industry""]]",0.540045766590389,-0.1601830663615561,last_accepted_winner,rejected,9f374dc0f20a423c96b951a8aceb2cf4,default
5,1,step_5_candidate_1,CorporateAction,ANNOUNCES_CORPORATE_ACTION,"[[""Article"", ""ANNOUNCES_CORPORATE_ACTION"", ""CorporateAction""], [""Company"", ""ANNOUNCES_CORPORATE_ACTION"", ""CorporateAction""]]",0.6384439359267735,-0.06178489702517165,last_accepted_winner,rejected,9f374dc0f20a423c96b951a8aceb2cf4,default
6,0,step_6_candidate_0,LegalAction,INVOLVES_LEGAL_ACTION,"[[""Article"", ""INVOLVES_LEGAL_ACTION"", ""LegalAction""]]",0.5949656750572083,-0.10526315789473684,last_accepted_winner,rejected,9f374dc0f20a423c96b951a8aceb2cf4,default
6,1,step_6_candidate_1,Dividend,ANNOUNCES_DIVIDEND,"[[""Company"", ""ANNOUNCES_DIVIDEND"", ""Dividend""]]",0.5995423340961098,-0.10068649885583536,last_accepted_winner,rejected,9f374dc0f20a423c96b951a8aceb2cf4,default
7,0,step_7_candidate_0,Product,MENTIONS_PRODUCT,"[[""Article"", ""MENTIONS_PRODUCT"", ""Product""]]",0.5972540045766591,-0.10297482837528604,last_accepted_winner,rejected,9f374dc0f20a423c96b951a8aceb2cf4,default
7,1,step_7_candidate_1,MergersAndAcquisitions,ANNOUNCES_M&A,"[[""Article"", ""ANNOUNCES_M&A"", ""MergersAndAcquisitions""]]",0.49199084668192217,-0.208237986270023,last_accepted_winner,rejected,9f374dc0f20a423c96b951a8aceb2cf4,default
1,0,step_1_candidate_0,EconomicIndicator,REFERENCES,"[[""Article"", ""MENTIONS"", ""EconomicIndicator""]]",0.43935926773455375,-0.21052631578947362,baseline_article_embedding,rejected,83e99ed53e1f498a9a0c4d2b50816d2e,default
1,1,step_1_candidate_1,RegulatoryBody,ISSUED_BY,"[[""Article"", ""ISSUED_BY"", ""RegulatoryBody""]]",0.5034324942791761,-0.14645308924485123,baseline_article_embedding,accepted,83e99ed53e1f498a9a0c4d2b50816d2e,default
2,0,step_2_candidate_0,CreditRating,HAS_CREDIT_RATING,"[[""Company"", ""HAS_CREDIT_RATING"", ""CreditRating""]]",0.5263157894736842,0.022883295194508046,last_accepted_winner,accepted,83e99ed53e1f498a9a0c4d2b50816d2e,default
2,1,step_2_candidate_1,MarketEvent,TRIGGERS,"[[""Article"", ""TRIGGERS"", ""MarketEvent""]]",0.4736842105263158,-0.029748283752860316,last_accepted_winner,rejected,83e99ed53e1f498a9a0c4d2b50816d2e,default
3,0,step_3_candidate_0,MarketEvent,AFFECTS,"[[""MarketEvent"", ""AFFECTS"", ""Company""], [""Article"", ""RELATES_TO"", ""MarketEvent""]]",0.4851258581235698,-0.041189931350114395,last_accepted_winner,rejected,83e99ed53e1f498a9a0c4d2b50816d2e,default
3,1,step_3_candidate_1,GeographicRegion,OPERATES_IN,"[[""Company"", ""OPERATES_IN"", ""GeographicRegion""]]",0.41418764302059496,-0.11212814645308922,last_accepted_winner,rejected,83e99ed53e1f498a9a0c4d2b50816d2e,default
4,0,step_4_candidate_0,MarketEvent,ASSOCIATED_WITH,"[[""Article"", ""ASSOCIATED_WITH"", ""MarketEvent""]]",0.43249427917620137,-0.09382151029748281,last_accepted_winner,rejected,83e99ed53e1f498a9a0c4d2b50816d2e,default
4,1,step_4_candidate_1,EarningsReport,HAS_EARNINGS_REPORT,"[[""Company"", ""HAS_EARNINGS_REPORT"", ""EarningsReport""]]",0.5377574370709381,0.011441647597253968,last_accepted_winner,accepted,83e99ed53e1f498a9a0c4d2b50816d2e,default
5,0,step_5_candidate_0,CorporateAction,HAS_CORPORATE_ACTION,"[[""Company"", ""HAS_CORPORATE_ACTION"", ""CorporateAction""]]",0.5080091533180778,-0.029748283752860316,last_accepted_winner,rejected,83e99ed53e1f498a9a0c4d2b50816d2e,default
5,1,step_5_candidate_1,Industry,OPERATES_IN,"[[""Company"", ""OPERATES_IN"", ""Industry""]]",0.5835240274599542,0.04576659038901609,last_accepted_winner,accepted,83e99ed53e1f498a9a0c4d2b50816d2e,default
6,0,step_6_candidate_0,MergerAcquisition,HAS_MERGER_ACQUISITION,"[[""Company"", ""HAS_MERGER_ACQUISITION"", ""MergerAcquisition""]]",0.6819221967963387,0.09839816933638446,last_accepted_winner,accepted,83e99ed53e1f498a9a0c4d2b50816d2e,default
6,1,step_6_candidate_1,LegalAction,INVOLVES,"[[""Article"", ""INVOLVES"", ""LegalAction""], [""Company"", ""INVOLVES"", ""LegalAction""]]",0.6178489702517163,0.034324942791762014,last_accepted_winner,rejected,83e99ed53e1f498a9a0c4d2b50816d2e,default
7,0,step_7_candidate_0,ProductLaunch,HAS_PRODUCT_LAUNCH,"[[""Company"", ""HAS_PRODUCT_LAUNCH"", ""ProductLaunch""]]",0.5125858123569794,-0.16933638443935928,last_accepted_winner,rejected,83e99ed53e1f498a9a0c4d2b50816d2e,default
7,1,step_7_candidate_1,Dividend,HAS_DIVIDEND,"[[""Company"", ""HAS_DIVIDEND"", ""Dividend""]]",0.5263157894736843,-0.1556064073226544,last_accepted_winner,rejected,83e99ed53e1f498a9a0c4d2b50816d2e,default
1,0,step_1_candidate_0,EconomicIndicator,REFERENCES,"[[""Article"", ""MENTIONS"", ""EconomicIndicator""]]",0.6361556064073226,-0.013729977116704761,baseline_article_embedding,accepted,cfd8f4c606624f678244d03fff502faf,fundamental
1,1,step_1_candidate_1,EarningsReport,HAS_EARNINGS,"[[""Company"", ""HAS_EARNINGS"", ""EarningsReport""]]",0.41876430205949655,-0.23112128146453081,baseline_article_embedding,rejected,cfd8f4c606624f678244d03fff502faf,fundamental
2,0,step_2_candidate_0,RegulatoryBody,ISSUED_BY,"[[""Article"", ""MENTIONS"", ""RegulatoryBody""], [""EconomicIndicator"", ""ISSUED_BY"", ""RegulatoryBody""]]",0.34324942791762014,-0.29290617848970246,last_accepted_winner,rejected,cfd8f4c606624f678244d03fff502faf,fundamental
2,1,step_2_candidate_1,RegulatoryAction,AFFECTS,"[[""RegulatoryAction"", ""AFFECTS"", ""Company""], [""Article"", ""MENTIONS"", ""RegulatoryAction""]]",0.4805491990846682,-0.1556064073226544,last_accepted_winner,rejected,cfd8f4c606624f678244d03fff502faf,fundamental
3,0,step_3_candidate_0,CreditRating,HAS_CREDIT_RATING,"[[""Company"", ""HAS_CREDIT_RATING"", ""CreditRating""]]",0.585812356979405,-0.05034324942791757,last_accepted_winner,rejected,cfd8f4c606624f678244d03fff502faf,fundamental
3,1,step_3_candidate_1,MarketSentiment,HAS_SENTIMENT,"[[""Article"", ""HAS_SENTIMENT"", ""MarketSentiment""]]",0.5881006864988558,-0.048054919908466776,last_accepted_winner,rejected,cfd8f4c606624f678244d03fff502faf,fundamental
4,0,step_4_candidate_0,RegulatoryAction,AFFECTED_BY,"[[""Company"", ""AFFECTED_BY"", ""RegulatoryAction""], [""Article"", ""MENTIONS"", ""RegulatoryAction""]]",0.5217391304347826,-0.11441647597254001,last_accepted_winner,rejected,cfd8f4c606624f678244d03fff502faf,fundamental
4,1,step_4_candidate_1,GeographicRegion,LOCATED_IN,"[[""Company"", ""LOCATED_IN"", ""GeographicRegion""]]",0.5881006864988558,-0.048054919908466776,last_accepted_winner,rejected,cfd8f4c606624f678244d03fff502faf,fundamental
5,0,step_5_candidate_0,MergerAcquisition,ANNOUNCES_M&A,"[[""Company"", ""ANNOUNCES_M&A"", ""MergerAcquisition""]]",0.5606407322654462,-0.07551487414187641,last_accepted_winner,rejected,cfd8f4c606624f678244d03fff502faf,fundamental
5,1,step_5_candidate_1,ProductLaunch,ANNOUNCES_PRODUCT,"[[""Company"", ""ANNOUNCES_PRODUCT"", ""ProductLaunch""], [""Article"", ""MENTIONS"", ""ProductLaunch""]]",0.5903890160183066,-0.04576659038901598,last_accepted_winner,rejected,cfd8f4c606624f678244d03fff502faf,fundamental
6,0,step_6_candidate_0,LegalLawsuit,INVOLVES_LAWSUIT,"[[""Article"", ""INVOLVES_LAWSUIT"", ""LegalLawsuit""], [""Company"", ""INVOLVES_LAWSUIT"", ""LegalLawsuit""]]",0.5491990846681922,-0.08695652173913038,last_accepted_winner,rejected,cfd8f4c606624f678244d03fff502faf,fundamental
6,1,step_6_candidate_1,Dividend,ANNOUNCES_DIVIDEND,"[[""Company"", ""ANNOUNCES_DIVIDEND"", ""Dividend""], [""Article"", ""MENTIONS"", ""Dividend""]]",0.6704805491990846,0.034324942791762014,last_accepted_winner,accepted,cfd8f4c606624f678244d03fff502faf,fundamental
7,0,step_7_candidate_0,RegulatoryFiling,SUBMITS_FILING,"[[""Company"", ""SUBMITS_FILING"", ""RegulatoryFiling""], [""Article"", ""MENTIONS"", ""RegulatoryFiling""]]",0.6727688787185354,0.0022883295194507935,last_accepted_winner,accepted,cfd8f4c606624f678244d03fff502faf,fundamental
7,1,step_7_candidate_1,RegulatoryFiling,SUBMITS_FILING,"[[""Company"", ""SUBMITS_FILING"", ""RegulatoryFiling""], [""Article"", ""MENTIONS"", ""RegulatoryFiling""]]",0.6338672768878718,-0.03661327231121281,last_accepted_winner,rejected,cfd8f4c606624f678244d03fff502faf,fundamental
1,0,step_1_candidate_0,EconomicIndicator,REFERENCES,"[[""Article"", ""MENTIONS"", ""EconomicIndicator""]]",0.45308924485125857,-0.06864988558352403,baseline_article_embedding,rejected,9cbbd194517b42f4b7996c1ea9a0cd2d,event_driven
1,1,step_1_candidate_1,RegulatoryBody,MENTIONS_REGULATORY_BODY,"[[""Article"", ""MENTIONS_REGULATORY_BODY"", ""RegulatoryBody""]]",0.6247139588100686,0.10297482837528604,baseline_article_embedding,accepted,9cbbd194517b42f4b7996c1ea9a0cd2d,event_driven
2,0,step_2_candidate_0,CreditRating,HAS_CREDIT_RATING,"[[""Company"", ""HAS_CREDIT_RATING"", ""CreditRating""]]",0.5446224256292906,-0.080091533180778,last_accepted_winner,rejected,9cbbd194517b42f4b7996c1ea9a0cd2d,event_driven
2,1,step_2_candidate_1,GeographicRegion,LOCATED_IN,"[[""Company"", ""LOCATED_IN"", ""GeographicRegion""]]",0.49656750572082387,-0.12814645308924477,last_accepted_winner,rejected,9cbbd194517b42f4b7996c1ea9a0cd2d,event_driven
3,0,step_3_candidate_0,MarketEvent,TRIGGERS,"[[""Article"", ""TRIGGERS"", ""MarketEvent""]]",0.4897025171624714,-0.13501144164759726,last_accepted_winner,rejected,9cbbd194517b42f4b7996c1ea9a0cd2d,event_driven
3,1,step_3_candidate_1,CorporateAction,ANNOUNCES_CORPORATE_ACTION,"[[""Article"", ""ANNOUNCES_CORPORATE_ACTION"", ""CorporateAction""]]",0.608695652173913,-0.016018306636155666,last_accepted_winner,rejected,9cbbd194517b42f4b7996c1ea9a0cd2d,event_driven
4,0,step_4_candidate_0,Industry,OPERATES_IN,"[[""Company"", ""OPERATES_IN"", ""Industry""]]",0.6109839816933639,-0.013729977116704761,last_accepted_winner,rejected,9cbbd194517b42f4b7996c1ea9a0cd2d,event_driven
4,1,step_4_candidate_1,MarketEvent,AFFECTS,"[[""MarketEvent"", ""AFFECTS"", ""Company""]]",0.6681922196796339,0.0434782608695653,last_accepted_winner,accepted,9cbbd194517b42f4b7996c1ea9a0cd2d,event_driven
5,0,step_5_candidate_0,FinancialInstrument,MENTIONS_FINANCIAL_INSTRUMENT,"[[""Article"", ""MENTIONS_FINANCIAL_INSTRUMENT"", ""FinancialInstrument""]]",0.6292906178489703,-0.0389016018306636,last_accepted_winner,rejected,9cbbd194517b42f4b7996c1ea9a0cd2d,event_driven
5,1,step_5_candidate_1,Executive,MENTIONS_EXECUTIVE,"[[""Article"", ""MENTIONS_EXECUTIVE"", ""Executive""]]",0.5491990846681922,-0.11899313501144171,last_accepted_winner,rejected,9cbbd194517b42f4b7996c1ea9a0cd2d,event_driven
1,0,step_1_candidate_0,EconomicIndicator,REFERENCES,"[[""Article"", ""MENTIONS"", ""EconomicIndicator""]]",0.5080091533180777,-0.14187643020594964,baseline_article_embedding,rejected,10948ae554d24af7a1c931cdb63c12d7,event_driven
1,1,step_1_candidate_1,RegulatoryBody,MENTIONS_REGULATORY_BODY,"[[""Article"", ""MENTIONS_REGULATORY_BODY"", ""RegulatoryBody""]]",0.6338672768878718,-0.016018306636155555,baseline_article_embedding,accepted,10948ae554d24af7a1c931cdb63c12d7,event_driven
2,0,step_2_candidate_0,CreditRating,HAS_CREDIT_RATING,"[[""Company"", ""HAS_CREDIT_RATING"", ""CreditRating""]]",0.5560640732265446,-0.0778032036613272,last_accepted_winner,rejected,10948ae554d24af7a1c931cdb63c12d7,event_driven
2,1,step_2_candidate_1,GeographicRegion,LOCATED_IN,"[[""Company"", ""LOCATED_IN"", ""GeographicRegion""]]",0.5720823798627002,-0.06178489702517165,last_accepted_winner,rejected,10948ae554d24af7a1c931cdb63c12d7,event_driven
3,0,step_3_candidate_0,Industry,OPERATES_IN,"[[""Company"", ""OPERATES_IN"", ""Industry""]]",0.4874141876430206,-0.14645308924485123,last_accepted_winner,rejected,10948ae554d24af7a1c931cdb63c12d7,event_driven
3,1,step_3_candidate_1,CorporateAction,TRIGGERS,"[[""Article"", ""TRIGGERS"", ""CorporateAction""], [""Company"", ""TRIGGERS"", ""CorporateAction""]]",0.6224256292906178,-0.011441647597253968,last_accepted_winner,rejected,10948ae554d24af7a1c931cdb63c12d7,event_driven
4,0,step_4_candidate_0,MarketEvent,TRIGGERS_MARKET_EVENT,"[[""Article"", ""TRIGGERS_MARKET_EVENT"", ""MarketEvent""]]",0.448512585812357,-0.18535469107551483,last_accepted_winner,rejected,10948ae554d24af7a1c931cdb63c12d7,event_driven
4,1,step_4_candidate_1,EarningsReport,HAS_EARNINGS_REPORT,"[[""Company"", ""HAS_EARNINGS_REPORT"", ""EarningsReport""]]",0.5720823798627002,-0.06178489702517165,last_accepted_winner,rejected,10948ae554d24af7a1c931cdb63c12d7,event_driven
5,0,step_5_candidate_0,MarketIndex,MENTIONS_MARKET_INDEX,"[[""Article"", ""MENTIONS_MARKET_INDEX"", ""MarketIndex""]]",0.34782608695652173,-0.2860411899313501,last_accepted_winner,rejected,10948ae554d24af7a1c931cdb63c12d7,event_driven
5,1,step_5_candidate_1,CorporateAction,ANNOUNCES_CORPORATE_ACTION,"[[""Company"", ""ANNOUNCES_CORPORATE_ACTION"", ""CorporateAction""]]",0.35697940503432496,-0.27688787185354685,last_accepted_winner,rejected,10948ae554d24af7a1c931cdb63c12d7,event_driven
6,0,step_6_candidate_0,LegalAction,INVOLVES_LEGAL_ACTION,"[[""Article"", ""INVOLVES_LEGAL_ACTION"", ""LegalAction""]]",0.3112128146453089,-0.3226544622425629,last_accepted_winner,rejected,10948ae554d24af7a1c931cdb63c12d7,event_driven
6,1,step_6_candidate_1,Product,MENTIONS_PRODUCT,"[[""Article"", ""MENTIONS_PRODUCT"", ""Product""]]",0.4668192219679634,-0.16704805491990843,last_accepted_winner,rejected,10948ae554d24af7a1c931cdb63c12d7,event_driven
7,0,step_7_candidate_0,Executive,MENTIONS_EXECUTIVE,"[[""Article"", ""MENTIONS_EXECUTIVE"", ""Executive""]]",0.5125858123569794,-0.12128146453089239,last_accepted_winner,rejected,10948ae554d24af7a1c931cdb63c12d7,event_driven
7,1,step_7_candidate_1,FinancialStatement,HAS_FINANCIAL_STATEMENT,"[[""Company"", ""HAS_FINANCIAL_STATEMENT"", ""FinancialStatement""]]",0.5102974828375286,-0.12356979405034318,last_accepted_winner,rejected,10948ae554d24af7a1c931cdb63c12d7,event_driven
1,0,step_1_candidate_0,EconomicIndicator,REFERENCES,"[[""Article"", ""MENTIONS"", ""EconomicIndicator""]]",0.4279176201372997,-0.13043478260869568,baseline_article_embedding,rejected,cc3b710f71c548c7b28052a29827d26b,default
1,1,step_1_candidate_1,RegulatoryBody,MENTIONS_REGULATORY_BODY,"[[""Article"", ""MENTIONS_REGULATORY_BODY"", ""RegulatoryBody""]]",0.5606407322654462,0.0022883295194507935,baseline_article_embedding,accepted,cc3b710f71c548c7b28052a29827d26b,default
2,0,step_2_candidate_0,CreditRating,HAS_CREDIT_RATING,"[[""Company"", ""HAS_CREDIT_RATING"", ""CreditRating""]]",0.47368421052631576,-0.08695652173913043,last_accepted_winner,rejected,cc3b710f71c548c7b28052a29827d26b,default
2,1,step_2_candidate_1,GeographicRegion,LOCATED_IN,"[[""Company"", ""LOCATED_IN"", ""GeographicRegion""]]",0.5583524027459954,-0.0022883295194507935,last_accepted_winner,rejected,cc3b710f71c548c7b28052a29827d26b,default
3,0,step_3_candidate_0,Industry,OPERATES_IN,"[[""Company"", ""OPERATES_IN"", ""Industry""]]",0.43249427917620137,-0.12814645308924483,last_accepted_winner,rejected,cc3b710f71c548c7b28052a29827d26b,default
3,1,step_3_candidate_1,CorporateAction,DESCRIBES_CORPORATE_ACTION,"[[""Article"", ""DESCRIBES_CORPORATE_ACTION"", ""CorporateAction""]]",0.540045766590389,-0.020594965675057142,last_accepted_winner,rejected,cc3b710f71c548c7b28052a29827d26b,default
4,0,step_4_candidate_0,MarketEvent,DESCRIBES_MARKET_EVENT,"[[""Article"", ""DESCRIBES_MARKET_EVENT"", ""MarketEvent""]]",0.5354691075514874,-0.02517162471395884,last_accepted_winner,rejected,cc3b710f71c548c7b28052a29827d26b,default
4,1,step_4_candidate_1,LegalAction,DESCRIBES_LEGAL_ACTION,"[[""Article"", ""DESCRIBES_LEGAL_ACTION"", ""LegalAction""]]",0.5675057208237986,0.006864988558352381,last_accepted_winner,accepted,cc3b710f71c548c7b28052a29827d26b,default
5,0,step_5_candidate_0,MergerAcquisition,DESCRIBES_MERGER_ACQUISITION,"[[""Article"", ""DESCRIBES_MERGER_ACQUISITION"", ""MergerAcquisition""]]",0.45080091533180777,-0.1167048054919908,last_accepted_winner,rejected,cc3b710f71c548c7b28052a29827d26b,default
5,1,step_5_candidate_1,Product,MENTIONS_PRODUCT,"[[""Article"", ""MENTIONS_PRODUCT"", ""Product""]]",0.528604118993135,-0.0389016018306636,last_accepted_winner,rejected,cc3b710f71c548c7b28052a29827d26b,default
6,0,step_6_candidate_0,Executive,MENTIONS_EXECUTIVE,"[[""Article"", ""MENTIONS_EXECUTIVE"", ""Executive""]]",0.6338672768878718,0.06636155606407323,last_accepted_winner,accepted,cc3b710f71c548c7b28052a29827d26b,default
6,1,step_6_candidate_1,Competitor,COMPETES_WITH,"[[""Company"", ""COMPETES_WITH"", ""Competitor""], [""Article"", ""MENTIONS"", ""Competitor""]]",0.4736842105263158,-0.09382151029748276,last_accepted_winner,rejected,cc3b710f71c548c7b28052a29827d26b,default
7,0,step_7_candidate_0,FinancialStatement,MENTIONS_FINANCIAL_STATEMENT,"[[""Article"", ""MENTIONS_FINANCIAL_STATEMENT"", ""FinancialStatement""]]",0.33409610983981697,-0.29977116704805484,last_accepted_winner,rejected,cc3b710f71c548c7b28052a29827d26b,default
7,1,step_7_candidate_1,Investor,MENTIONS_INVESTOR,"[[""Article"", ""MENTIONS_INVESTOR"", ""Investor""]]",0.494279176201373,-0.1395881006864988,last_accepted_winner,rejected,cc3b710f71c548c7b28052a29827d26b,default
1,0,step_1_candidate_0,EconomicIndicator,REFERENCES,"[[""Article"", ""MENTIONS"", ""EconomicIndicator""]]",0.528604118993135,0.006864988558352381,baseline_article_embedding,rejected,1a57b00853a34c499f7b7dd2ab55faf5,fundamental
1,1,step_1_candidate_1,RegulatoryBody,MENTIONS_REGULATORY_BODY,"[[""Article"", ""MENTIONS_REGULATORY_BODY"", ""RegulatoryBody""]]",0.6292906178489703,0.10755148741418774,baseline_article_embedding,accepted,1a57b00853a34c499f7b7dd2ab55faf5,fundamental
2,0,step_2_candidate_0,CreditRating,HAS_CREDIT_RATING,"[[""Company"", ""HAS_CREDIT_RATING"", ""CreditRating""]]",0.6178489702517163,-0.011441647597254079,last_accepted_winner,rejected,1a57b00853a34c499f7b7dd2ab55faf5,fundamental
2,1,step_2_candidate_1,GeographicRegion,LOCATED_IN,"[[""Company"", ""LOCATED_IN"", ""GeographicRegion""]]",0.5606407322654462,-0.06864988558352414,last_accepted_winner,rejected,1a57b00853a34c499f7b7dd2ab55faf5,fundamental
3,0,step_3_candidate_0,MarketEvent,TRIGGERS,"[[""Article"", ""TRIGGERS"", ""MarketEvent""]]",0.5606407322654463,-0.06864988558352403,last_accepted_winner,rejected,1a57b00853a34c499f7b7dd2ab55faf5,fundamental
3,1,step_3_candidate_1,EarningsReport,HAS_EARNINGS_REPORT,"[[""Company"", ""HAS_EARNINGS_REPORT"", ""EarningsReport""]]",0.471395881006865,-0.1578947368421053,last_accepted_winner,rejected,1a57b00853a34c499f7b7dd2ab55faf5,fundamental
4,0,step_4_candidate_0,CorporateAction,ANNOUNCES_CORPORATE_ACTION,"[[""Company"", ""ANNOUNCES_CORPORATE_ACTION"", ""CorporateAction""]]",0.49199084668192217,-0.13729977116704817,last_accepted_winner,rejected,1a57b00853a34c499f7b7dd2ab55faf5,fundamental
4,1,step_4_candidate_1,Industry,OPERATES_IN,"[[""Company"", ""OPERATES_IN"", ""Industry""]]",0.49656750572082375,-0.13272311212814658,last_accepted_winner,rejected,1a57b00853a34c499f7b7dd2ab55faf5,fundamental
5,0,step_5_candidate_0,MarketIndex,MENTIONS_MARKET_INDEX,"[[""Article"", ""MENTIONS_MARKET_INDEX"", ""MarketIndex""]]",0.4759725400457666,-0.15331807780320372,last_accepted_winner,rejected,1a57b00853a34c499f7b7dd2ab55faf5,fundamental
5,1,step_5_candidate_1,Executive,MENTIONS_EXECUTIVE,"[[""Article"", ""MENTIONS_EXECUTIVE"", ""Executive""]]",0.3707093821510298,-0.25858123569794056,last_accepted_winner,rejected,1a57b00853a34c499f7b7dd2ab55faf5,fundamental
6,0,step_6_candidate_0,LegalAction,INVOLVES_LEGAL_ACTION,"[[""Article"", ""INVOLVES_LEGAL_ACTION"", ""LegalAction""], [""Company"", ""INVOLVES_LEGAL_ACTION"", ""LegalAction""], [""RegulatoryBody"", ""INVOLVES_LEGAL_ACTION"", ""LegalAction""]]",0.47139588100686497,-0.15789473684210537,last_accepted_winner,rejected,1a57b00853a34c499f7b7dd2ab55faf5,fundamental
6,1,step_6_candidate_1,Product,MENTIONS_PRODUCT,"[[""Article"", ""MENTIONS_PRODUCT"", ""Product""]]",0.4874141876430206,-0.14187643020594976,last_accepted_winner,rejected,1a57b00853a34c499f7b7dd2ab55faf5,fundamental
7,0,step_7_candidate_0,FinancialStatement,DISCLOSURES,"[[""Article"", ""DISCLOSURES"", ""FinancialStatement""]]",0.5766590389016018,-0.052631578947368585,last_accepted_winner,rejected,1a57b00853a34c499f7b7dd2ab55faf5,fundamental
7,1,step_7_candidate_1,InvestorSentiment,HAS_INVESTOR_SENTIMENT,"[[""Article"", ""HAS_INVESTOR_SENTIMENT"", ""InvestorSentiment""]]",0.5377574370709383,-0.09153318077803207,last_accepted_winner,rejected,1a57b00853a34c499f7b7dd2ab55faf5,fundamental
1,0,step_1_candidate_0,EconomicIndicator,REFERENCES,"[[""Article"", ""MENTIONS"", ""EconomicIndicator""]]",0.402745995423341,-0.24713958810068637,baseline_article_embedding,rejected,3f3a1746b0394cf581b81a8a4f10b181,fundamental
1,1,step_1_candidate_1,RegulatoryBody,MENTIONS_REGULATORY_BODY,"[[""Article"", ""MENTIONS_REGULATORY_BODY"", ""RegulatoryBody""]]",0.6292906178489702,-0.020594965675057142,baseline_article_embedding,accepted,3f3a1746b0394cf581b81a8a4f10b181,fundamental
2,0,step_2_candidate_0,CreditRating,HAS_CREDIT_RATING,"[[""Company"", ""HAS_CREDIT_RATING"", ""CreditRating""]]",0.5652173913043478,-0.06407322654462244,last_accepted_winner,rejected,3f3a1746b0394cf581b81a8a4f10b181,fundamental
2,1,step_2_candidate_1,GeographicRegion,LOCATED_IN,"[[""Company"", ""LOCATED_IN"", ""GeographicRegion""]]",0.32494279176201374,-0.3043478260869565,last_accepted_winner,rejected,3f3a1746b0394cf581b81a8a4f10b181,fundamental
3,0,step_3_candidate_0,Industry,OPERATES_IN,"[[""Company"", ""OPERATES_IN"", ""Industry""]]",0.5263157894736842,-0.10297482837528604,last_accepted_winner,rejected,3f3a1746b0394cf581b81a8a4f10b181,fundamental
3,1,step_3_candidate_1,CorporateAction,TRIGGERS,"[[""Article"", ""TRIGGERS"", ""CorporateAction""], [""Company"", ""TRIGGERS"", ""CorporateAction""]]",0.49656750572082375,-0.13272311212814647,last_accepted_winner,rejected,3f3a1746b0394cf581b81a8a4f10b181,fundamental
4,0,step_4_candidate_0,MarketEvent,REPORTS_ON,"[[""Article"", ""REPORTS_ON"", ""MarketEvent""]]",0.42562929061784893,-0.2036613272311213,last_accepted_winner,rejected,3f3a1746b0394cf581b81a8a4f10b181,fundamental
4,1,step_4_candidate_1,CorporateAction,DESCRIBES_CORPORATE_ACTION,"[[""Article"", ""DESCRIBES_CORPORATE_ACTION"", ""CorporateAction""]]",0.3729977116704805,-0.2562929061784897,last_accepted_winner,rejected,3f3a1746b0394cf581b81a8a4f10b181,fundamental
5,0,step_5_candidate_0,EarningsReport,HAS_EARNINGS_REPORT,"[[""Company"", ""HAS_EARNINGS_REPORT"", ""EarningsReport""]]",0.5011441647597255,-0.12814645308924477,last_accepted_winner,rejected,3f3a1746b0394cf581b81a8a4f10b181,fundamental
5,1,step_5_candidate_1,MarketEvent,DESCRIBES_MARKET_EVENT,"[[""Article"", ""DESCRIBES_MARKET_EVENT"", ""MarketEvent""]]",0.4759725400457666,-0.1533180778032036,last_accepted_winner,rejected,3f3a1746b0394cf581b81a8a4f10b181,fundamental
1,0,step_1_candidate_0,EconomicIndicator,REFERENCES,"[[""Article"", ""MENTIONS"", ""EconomicIndicator""]]",0.6132723112128147,0.09153318077803207,baseline_article_embedding,accepted,831c7ddd855c4991b98a165e10c62625,event_driven
1,1,step_1_candidate_1,EarningsReport,HAS_EARNINGS,"[[""Company"", ""HAS_EARNINGS"", ""EarningsReport""]]",0.49656750572082387,-0.02517162471395873,baseline_article_embedding,rejected,831c7ddd855c4991b98a165e10c62625,event_driven
2,0,step_2_candidate_0,RegulatoryBody,ISSUED_BY,"[[""Article"", ""MENTIONS"", ""RegulatoryBody""], [""EconomicIndicator"", ""ISSUED_BY"", ""RegulatoryBody""]]",0.4462242562929062,-0.16704805491990848,last_accepted_winner,rejected,831c7ddd855c4991b98a165e10c62625,event_driven
2,1,step_2_candidate_1,CreditRating,HAS_CREDIT_RATING,"[[""Company"", ""HAS_CREDIT_RATING"", ""CreditRating""]]",0.39816933638443935,-0.21510297482837532,last_accepted_winner,rejected,831c7ddd855c4991b98a165e10c62625,event_driven
3,0,step_3_candidate_0,RegulatoryAnnouncement,ANNOUNCED_BY,"[[""RegulatoryAnnouncement"", ""ANNOUNCED_BY"", ""Company""], [""Article"", ""MENTIONS"", ""RegulatoryAnnouncement""]]",0.4004576659038902,-0.21281464530892447,last_accepted_winner,rejected,831c7ddd855c4991b98a165e10c62625,event_driven
3,1,step_3_candidate_1,CorporateAction,ANNOUNCES,"[[""Company"", ""ANNOUNCES"", ""CorporateAction""], [""Article"", ""MENTIONS"", ""CorporateAction""]]",0.4508009153318077,-0.16247139588100695,last_accepted_winner,rejected,831c7ddd855c4991b98a165e10c62625,event_driven
4,0,step_4_candidate_0,RegulatoryAnnouncement,ANNOUNCES,"[[""RegulatoryAnnouncement"", ""ANNOUNCES"", ""Company""], [""Article"", ""MENTIONS"", ""RegulatoryAnnouncement""]]",0.4050343249427918,-0.20823798627002288,last_accepted_winner,rejected,831c7ddd855c4991b98a165e10c62625,event_driven
4,1,step_4_candidate_1,MarketSentiment,HAS_SENTIMENT,"[[""Article"", ""HAS_SENTIMENT"", ""MarketSentiment""]]",0.5240274599542334,-0.08924485125858128,last_accepted_winner,rejected,831c7ddd855c4991b98a165e10c62625,event_driven
5,0,step_5_candidate_0,GeographicRegion,LOCATED_IN,"[[""Company"", ""LOCATED_IN"", ""GeographicRegion""], [""Article"", ""MENTIONS"", ""GeographicRegion""]]",0.5491990846681922,-0.06407322654462244,last_accepted_winner,rejected,831c7ddd855c4991b98a165e10c62625,event_driven
5,1,step_5_candidate_1,MarketEvent,ANNOUNCES_EVENT,"[[""Article"", ""ANNOUNCES_EVENT"", ""MarketEvent""]]",0.5194508009153318,-0.09382151029748287,last_accepted_winner,rejected,831c7ddd855c4991b98a165e10c62625,event_driven
6,0,step_6_candidate_0,MarketEvent,ANNOUNCES,"[[""Article"", ""ANNOUNCES"", ""MarketEvent""], [""MarketEvent"", ""RELATES_TO"", ""Company""]]",0.5080091533180778,-0.10526315789473684,last_accepted_winner,rejected,831c7ddd855c4991b98a165e10c62625,event_driven
6,1,step_6_candidate_1,CorporateAction,ANNOUNCES_ACTION,"[[""Article"", ""ANNOUNCES_ACTION"", ""CorporateAction""], [""Company"", ""ANNOUNCES_ACTION"", ""CorporateAction""]]",0.528604118993135,-0.0846681922196797,last_accepted_winner,rejected,831c7ddd855c4991b98a165e10c62625,event_driven
7,0,step_7_candidate_0,RegulatoryAnnouncement,ANNOUNCES_REGULATORY,"[[""RegulatoryAnnouncement"", ""ANNOUNCES_REGULATORY"", ""Company""], [""Article"", ""MENTIONS"", ""RegulatoryAnnouncement""]]",0.6270022883295194,0.013729977116704761,last_accepted_winner,accepted,831c7ddd855c4991b98a165e10c62625,event_driven
7,1,step_7_candidate_1,MarketEvent,TRIGGERS,"[[""Article"", ""TRIGGERS"", ""MarketEvent""], [""MarketEvent"", ""TRIGGERS"", ""Article""]]",0.5148741418764302,-0.09839816933638446,last_accepted_winner,rejected,831c7ddd855c4991b98a165e10c62625,event_driven
1,0,step_1_candidate_0,EconomicIndicator,REFERENCES,"[[""Article"", ""MENTIONS"", ""EconomicIndicator""]]",0.5835240274599542,0.06178489702517165,baseline_article_embedding,accepted,912536a531084b1abe733bf0ef09a945,fundamental
1,1,step_1_candidate_1,RegulatoryBody,MENTIONS_REGULATORY_BODY,"[[""Article"", ""MENTIONS_REGULATORY_BODY"", ""RegulatoryBody""]]",0.47368421052631576,-0.04805491990846683,baseline_article_embedding,rejected,912536a531084b1abe733bf0ef09a945,fundamental
2,0,step_2_candidate_0,CreditRating,HAS_CREDIT_RATING,"[[""Company"", ""HAS_CREDIT_RATING"", ""CreditRating""]]",0.5583524027459954,-0.02517162471395884,last_accepted_winner,rejected,912536a531084b1abe733bf0ef09a945,fundamental
2,1,step_2_candidate_1,RegulatoryAnnouncement,MENTIONS_REGULATORY_ANNOUNCEMENT,"[[""Article"", ""MENTIONS_REGULATORY_ANNOUNCEMENT"", ""RegulatoryAnnouncement""]]",0.5606407322654462,-0.022883295194508046,last_accepted_winner,rejected,912536a531084b1abe733bf0ef09a945,fundamental
3,0,step_3_candidate_0,CorporateAction,ANNOUNCES_CORPORATE_ACTION,"[[""Company"", ""ANNOUNCES_CORPORATE_ACTION"", ""CorporateAction""]]",0.6224256292906178,0.0389016018306636,last_accepted_winner,accepted,912536a531084b1abe733bf0ef09a945,fundamental
3,1,step_3_candidate_1,GeographicRegion,MENTIONS_GEOGRAPHIC_REGION,"[[""Article"", ""MENTIONS_GEOGRAPHIC_REGION"", ""GeographicRegion""]]",0.494279176201373,-0.08924485125858123,last_accepted_winner,rejected,912536a531084b1abe733bf0ef09a945,fundamental
1,0,step_1_candidate_0,EconomicIndicator,REFERENCES,"[[""Article"", ""MENTIONS"", ""EconomicIndicator""]]",0.5881006864988559,0.06636155606407335,baseline_article_embedding,rejected,6e7c0cf8e42d444ab55d0e454ca54435,fundamental
1,1,step_1_candidate_1,EarningsReport,HAS_EARNINGS,"[[""Company"", ""HAS_EARNINGS"", ""EarningsReport""]]",0.6201372997711672,0.09839816933638457,baseline_article_embedding,accepted,6e7c0cf8e42d444ab55d0e454ca54435,fundamental
2,0,step_2_candidate_0,RegulatoryBody,MENTIONS_REGULATORY,"[[""Article"", ""MENTIONS_REGULATORY"", ""RegulatoryBody""]]",0.4439359267734554,-0.17620137299771177,last_accepted_winner,rejected,6e7c0cf8e42d444ab55d0e454ca54435,fundamental
2,1,step_2_candidate_1,CreditRating,HAS_CREDIT_RATING,"[[""Company"", ""HAS_CREDIT_RATING"", ""CreditRating""]]",0.5400457665903889,-0.08009153318077822,last_accepted_winner,rejected,6e7c0cf8e42d444ab55d0e454ca54435,fundamental
3,0,step_3_candidate_0,RegulatoryAnnouncement,HAS_REGULATORY_ANNOUNCEMENT,"[[""Company"", ""HAS_REGULATORY_ANNOUNCEMENT"", ""RegulatoryAnnouncement""]]",0.4965675057208238,-0.12356979405034335,last_accepted_winner,rejected,6e7c0cf8e42d444ab55d0e454ca54435,fundamental
3,1,step_3_candidate_1,MergerAcquisition,ANNOUNCES_M&A,"[[""Company"", ""ANNOUNCES_M&A"", ""MergerAcquisition""]]",0.5080091533180777,-0.11212814645308944,last_accepted_winner,rejected,6e7c0cf8e42d444ab55d0e454ca54435,fundamental
4,0,step_4_candidate_0,MarketIndex,REFERENCES_INDEX,"[[""Article"", ""REFERENCES_INDEX"", ""MarketIndex""]]",0.4096109839816933,-0.21052631578947384,last_accepted_winner,rejected,6e7c0cf8e42d444ab55d0e454ca54435,fundamental
4,1,step_4_candidate_1,Sentiment,HAS_SENTIMENT,"[[""Article"", ""HAS_SENTIMENT"", ""Sentiment""]]",0.31807780320366136,-0.3020594965675058,last_accepted_winner,rejected,6e7c0cf8e42d444ab55d0e454ca54435,fundamental
5,0,step_5_candidate_0,MarketEvent,TRIGGERS,"[[""Article"", ""TRIGGERS"", ""MarketEvent""]]",0.37986270022883295,-0.2402745995423342,last_accepted_winner,rejected,6e7c0cf8e42d444ab55d0e454ca54435,fundamental
5,1,step_5_candidate_1,ProductLaunch,ANNOUNCES_LAUNCH,"[[""Company"", ""ANNOUNCES_LAUNCH"", ""ProductLaunch""]]",0.37757437070938216,-0.242562929061785,last_accepted_winner,rejected,6e7c0cf8e42d444ab55d0e454ca54435,fundamental
1,0,step_1_candidate_0,EconomicIndicator,REFERENCES,"[[""Article"", ""MENTIONS"", ""EconomicIndicator""]]",0.45080091533180777,-0.10755148741418763,baseline_article_embedding,accepted,3caedd7280bb4f1db7acec606cd9b3a5,fundamental
1,1,step_1_candidate_1,RegulatoryBody,MENTIONS_REGULATORY_BODY,"[[""Article"", ""MENTIONS_REGULATORY_BODY"", ""RegulatoryBody""]]",0.44393592677345534,-0.11441647597254007,baseline_article_embedding,rejected,3caedd7280bb4f1db7acec606cd9b3a5,fundamental
2,0,step_2_candidate_0,CreditRating,HAS_CREDIT_RATING,"[[""Company"", ""HAS_CREDIT_RATING"", ""CreditRating""]]",0.6178489702517163,0.16704805491990848,last_accepted_winner,accepted,3caedd7280bb4f1db7acec606cd9b3a5,fundamental
2,1,step_2_candidate_1,Sector,BELONGS_TO,"[[""Company"", ""BELONGS_TO"", ""Sector""]]",0.517162471395881,0.06636155606407323,last_accepted_winner,rejected,3caedd7280bb4f1db7acec606cd9b3a5,fundamental
3,0,step_3_candidate_0,RegulatoryAnnouncement,MENTIONS_REGULATORY_ANNOUNCEMENT,"[[""Article"", ""MENTIONS_REGULATORY_ANNOUNCEMENT"", ""RegulatoryAnnouncement""]]",0.471395881006865,-0.14645308924485123,last_accepted_winner,rejected,3caedd7280bb4f1db7acec606cd9b3a5,fundamental
3,1,step_3_candidate_1,MergerAcquisition,MENTIONS_MERGER_ACQUISITION,"[[""Article"", ""MENTIONS_MERGER_ACQUISITION"", ""MergerAcquisition""]]",0.4851258581235698,-0.13272311212814647,last_accepted_winner,rejected,3caedd7280bb4f1db7acec606cd9b3a5,fundamental
4,0,step_4_candidate_0,RegulatoryAnnouncement,MENTIONS_REGULATORY_ANNOUNCEMENT,"[[""Article"", ""MENTIONS_REGULATORY_ANNOUNCEMENT"", ""RegulatoryAnnouncement""]]",0.562929061784897,-0.05491990846681927,last_accepted_winner,rejected,3caedd7280bb4f1db7acec606cd9b3a5,fundamental
4,1,step_4_candidate_1,Dividend,ANNOUNCES_DIVIDEND,"[[""Company"", ""ANNOUNCES_DIVIDEND"", ""Dividend""]]",0.5011441647597253,-0.11670480549199092,last_accepted_winner,rejected,3caedd7280bb4f1db7acec606cd9b3a5,fundamental
5,0,step_5_candidate_0,RegulatoryAnnouncement,MENTIONS_REGULATORY_ANNOUNCEMENT,"[[""Article"", ""MENTIONS_REGULATORY_ANNOUNCEMENT"", ""RegulatoryAnnouncement""]]",0.5148741418764302,-0.10297482837528604,last_accepted_winner,rejected,3caedd7280bb4f1db7acec606cd9b3a5,fundamental
5,1,step_5_candidate_1,Executive,MENTIONS_EXECUTIVE,"[[""Article"", ""MENTIONS_EXECUTIVE"", ""Executive""]]",0.6155606407322655,-0.0022883295194507935,last_accepted_winner,rejected,3caedd7280bb4f1db7acec606cd9b3a5,fundamental
6,0,step_6_candidate_0,RegulatoryAnnouncement,MENTIONS_REGULATORY_ANNOUNCEMENT,"[[""Article"", ""MENTIONS_REGULATORY_ANNOUNCEMENT"", ""RegulatoryAnnouncement""]]",0.5697940503432495,-0.048054919908466776,last_accepted_winner,rejected,3caedd7280bb4f1db7acec606cd9b3a5,fundamental
6,1,step_6_candidate_1,RegulatoryAnnouncement,MENTIONS_REGULATORY_ANNOUNCEMENT,"[[""Article"", ""MENTIONS_REGULATORY_ANNOUNCEMENT"", ""RegulatoryAnnouncement""]]",0.5789473684210527,-0.0389016018306636,last_accepted_winner,rejected,3caedd7280bb4f1db7acec606cd9b3a5,fundamental
7,0,step_7_candidate_0,RegulatoryBody,ISSUED_BY,"[[""CreditRating"", ""ISSUED_BY"", ""RegulatoryBody""]]",0.5995423340961098,-0.01830663615560646,last_accepted_winner,rejected,3caedd7280bb4f1db7acec606cd9b3a5,fundamental
7,1,step_7_candidate_1,RegulatoryBody,MENTIONS_REGULATORY_BODY,"[[""Article"", ""MENTIONS_REGULATORY_BODY"", ""RegulatoryBody""]]",0.4897025171624714,-0.12814645308924488,last_accepted_winner,rejected,3caedd7280bb4f1db7acec606cd9b3a5,fundamental
1,0,step_1_candidate_0,EconomicIndicator,REFERENCES,"[[""Article"", ""MENTIONS"", ""EconomicIndicator""]]",0.4851258581235698,-0.03661327231121281,baseline_article_embedding,rejected,6429a2d13c654bada325e346516056dc,default
1,1,step_1_candidate_1,RegulatoryBody,MENTIONS_REGULATORY_BODY,"[[""Article"", ""MENTIONS_REGULATORY_BODY"", ""RegulatoryBody""]]",0.6132723112128147,0.09153318077803207,baseline_article_embedding,accepted,6429a2d13c654bada325e346516056dc,default
2,0,step_2_candidate_0,CreditRating,HAS_CREDIT_RATING,"[[""Company"", ""HAS_CREDIT_RATING"", ""CreditRating""]]",0.5274599542334096,-0.08581235697940504,last_accepted_winner,rejected,6429a2d13c654bada325e346516056dc,default
2,1,step_2_candidate_1,GeographicRegion,LOCATED_IN,"[[""Company"", ""LOCATED_IN"", ""GeographicRegion""]]",0.505720823798627,-0.10755148741418763,last_accepted_winner,rejected,6429a2d13c654bada325e346516056dc,default
3,0,step_3_candidate_0,Industry,OPERATES_IN,"[[""Company"", ""OPERATES_IN"", ""Industry""]]",0.32723112128146453,-0.28604118993135014,last_accepted_winner,rejected,6429a2d13c654bada325e346516056dc,default
3,1,step_3_candidate_1,CorporateAction,TRIGGERS,"[[""Article"", ""TRIGGERS"", ""CorporateAction""], [""Company"", ""TRIGGERS"", ""CorporateAction""]]",0.42562929061784893,-0.18764302059496574,last_accepted_winner,rejected,6429a2d13c654bada325e346516056dc,default
1,0,step_1_candidate_0,EconomicIndicator,REFERENCES,"[[""Article"", ""MENTIONS"", ""EconomicIndicator""]]",0.4805491990846682,-0.0778032036613272,baseline_article_embedding,accepted,1788192735a841d7aedf5b6cc6244067,default
1,1,step_1_candidate_1,RegulatoryBody,MENTIONS_REGULATORY_BODY,"[[""Article"", ""MENTIONS_REGULATORY_BODY"", ""RegulatoryBody""]]",0.45308924485125857,-0.10526315789473684,baseline_article_embedding,rejected,1788192735a841d7aedf5b6cc6244067,default
2,0,step_2_candidate_0,CreditRating,ASSIGNMENT,"[[""Article"", ""ASSIGNMENT"", ""CreditRating""]]",0.6109839816933638,0.13043478260869557,last_accepted_winner,accepted,1788192735a841d7aedf5b6cc6244067,default
2,1,step_2_candidate_1,RegulatoryAnnouncement,ANNOUNCED_BY,"[[""RegulatoryAnnouncement"", ""ANNOUNCED_BY"", ""Article""], [""RegulatoryAnnouncement"", ""PUBLISHED_ON"", ""Day""]]",0.49656750572082387,0.016018306636155666,last_accepted_winner,rejected,1788192735a841d7aedf5b6cc6244067,default
3,0,step_3_candidate_0,MergerAcquisition,ANNOUNCES_M&A,"[[""Company"", ""ANNOUNCES_M&A"", ""MergerAcquisition""], [""Article"", ""ANNOUNCES_M&A"", ""MergerAcquisition""]]",0.4302059496567506,-0.1807780320366132,last_accepted_winner,rejected,1788192735a841d7aedf5b6cc6244067,default
3,1,step_3_candidate_1,RegulatoryAnnouncement,ANNOUNCES_REGULATORY,"[[""Company"", ""ANNOUNCES_REGULATORY"", ""RegulatoryAnnouncement""]]",0.49885583524027466,-0.1121281464530891,last_accepted_winner,rejected,1788192735a841d7aedf5b6cc6244067,default
4,0,step_4_candidate_0,RegulatoryAnnouncement,ANNOUNCES_REGULATORY,"[[""Article"", ""ANNOUNCES_REGULATORY"", ""RegulatoryAnnouncement""]]",0.4096109839816934,-0.2013729977116704,last_accepted_winner,rejected,1788192735a841d7aedf5b6cc6244067,default
4,1,step_4_candidate_1,RegulatoryAnnouncement,ANNOUNCES_REGULATORY,"[[""Article"", ""ANNOUNCES_REGULATORY"", ""RegulatoryAnnouncement""]]",0.4439359267734554,-0.16704805491990837,last_accepted_winner,rejected,1788192735a841d7aedf5b6cc6244067,default
5,0,step_5_candidate_0,MarketSentiment,HAS_SENTIMENT,"[[""Article"", ""HAS_SENTIMENT"", ""MarketSentiment""]]",0.47139588100686497,-0.1395881006864988,last_accepted_winner,rejected,1788192735a841d7aedf5b6cc6244067,default
5,1,step_5_candidate_1,RegulatoryAnnouncement,ANNOUNCES_REGULATORY,"[[""Article"", ""ANNOUNCES_REGULATORY"", ""RegulatoryAnnouncement""]]",0.45766590389016015,-0.1533180778032036,last_accepted_winner,rejected,1788192735a841d7aedf5b6cc6244067,default
1,0,step_1_candidate_0,EconomicIndicator,REFERENCES,"[[""Article"", ""MENTIONS"", ""EconomicIndicator""]]",0.3638443935926774,-0.194508009153318,baseline_article_embedding,rejected,97ce828d90464f0d904d89e7107e01f8,event_driven
1,1,step_1_candidate_1,RegulatoryBody,MENTIONS_REGULATORY_BODY,"[[""Article"", ""MENTIONS_REGULATORY_BODY"", ""RegulatoryBody""]]",0.5858123569794049,0.027459954233409523,baseline_article_embedding,accepted,97ce828d90464f0d904d89e7107e01f8,event_driven
2,0,step_2_candidate_0,CreditRating,HAS_CREDIT_RATING,"[[""Company"", ""HAS_CREDIT_RATING"", ""CreditRating""]]",0.540045766590389,-0.04576659038901587,last_accepted_winner,rejected,97ce828d90464f0d904d89e7107e01f8,event_driven
2,1,step_2_candidate_1,GeographicRegion,LOCATED_IN,"[[""Company"", ""LOCATED_IN"", ""GeographicRegion""]]",0.5423340961098398,-0.04347826086956508,last_accepted_winner,rejected,97ce828d90464f0d904d89e7107e01f8,event_driven
3,0,step_3_candidate_0,Industry,OPERATES_IN,"[[""Company"", ""OPERATES_IN"", ""Industry""]]",0.45995423340961095,-0.12585812356979398,last_accepted_winner,rejected,97ce828d90464f0d904d89e7107e01f8,event_driven
3,1,step_3_candidate_1,CorporateAction,DESCRIBES_CORPORATE_ACTION,"[[""Article"", ""DESCRIBES_CORPORATE_ACTION"", ""CorporateAction""]]",0.3180778032036613,-0.2677345537757436,last_accepted_winner,rejected,97ce828d90464f0d904d89e7107e01f8,event_driven
4,0,step_4_candidate_0,MarketIndex,MENTIONS_MARKET_INDEX,"[[""Article"", ""MENTIONS_MARKET_INDEX"", ""MarketIndex""]]",0.5789473684210527,-0.00686498855835227,last_accepted_winner,rejected,97ce828d90464f0d904d89e7107e01f8,event_driven
4,1,step_4_candidate_1,LegalAction,INVOLVES_LEGAL_ACTION,"[[""Article"", ""INVOLVES_LEGAL_ACTION"", ""LegalAction""]]",0.6086956521739131,0.022883295194508158,last_accepted_winner,accepted,97ce828d90464f0d904d89e7107e01f8,event_driven
5,0,step_5_candidate_0,Executive,MENTIONS_EXECUTIVE,"[[""Article"", ""MENTIONS_EXECUTIVE"", ""Executive""]]",0.5537757437070938,-0.05491990846681927,last_accepted_winner,rejected,97ce828d90464f0d904d89e7107e01f8,event_driven
5,1,step_5_candidate_1,Product,MENTIONS_PRODUCT,"[[""Article"", ""MENTIONS_PRODUCT"", ""Product""]]",0.46910755148741423,-0.13958810068649885,last_accepted_winner,rejected,97ce828d90464f0d904d89e7107e01f8,event_driven
6,0,step_6_candidate_0,MarketCap,HAS_MARKET_CAP,"[[""Company"", ""HAS_MARKET_CAP"", ""MarketCap""]]",0.5240274599542334,-0.0846681922196797,last_accepted_winner,rejected,97ce828d90464f0d904d89e7107e01f8,event_driven
6,1,step_6_candidate_1,EarningsReport,HAS_EARNINGS_REPORT,"[[""Company"", ""HAS_EARNINGS_REPORT"", ""EarningsReport""]]",0.34324942791762014,-0.26544622425629294,last_accepted_winner,rejected,97ce828d90464f0d904d89e7107e01f8,event_driven
7,0,step_7_candidate_0,MergersAndAcquisitions,DESCRIBES_M&A,"[[""Article"", ""DESCRIBES_M&A"", ""MergersAndAcquisitions""]]",0.402745995423341,-0.20594965675057209,last_accepted_winner,rejected,97ce828d90464f0d904d89e7107e01f8,event_driven
7,1,step_7_candidate_1,Competitor,COMPETES_WITH,"[[""Company"", ""COMPETES_WITH"", ""Competitor""]]",0.49199084668192217,-0.11670480549199092,last_accepted_winner,rejected,97ce828d90464f0d904d89e7107e01f8,event_driven
1,0,step_1_candidate_0,EconomicIndicator,REFERENCES,"[[""Article"", ""MENTIONS"", ""EconomicIndicator""]]",0.49199084668192217,-0.029748283752860427,baseline_article_embedding,rejected,7cf7a61f42204e9ab62bcf14d1c698f2,default
1,1,step_1_candidate_1,RegulatoryBody,ISSUED_BY,"[[""Article"", ""ISSUED_BY"", ""RegulatoryBody""]]",0.5446224256292906,0.022883295194508046,baseline_article_embedding,accepted,7cf7a61f42204e9ab62bcf14d1c698f2,default
2,0,step_2_candidate_0,CreditRating,HAS_CREDIT_RATING,"[[""Company"", ""HAS_CREDIT_RATING"", ""CreditRating""]]",0.5789473684210527,0.034324942791762014,last_accepted_winner,accepted,7cf7a61f42204e9ab62bcf14d1c698f2,default
2,1,step_2_candidate_1,GeographicRegion,LOCATED_IN,"[[""Company"", ""LOCATED_IN"", ""GeographicRegion""]]",0.4897025171624714,-0.05491990846681927,last_accepted_winner,rejected,7cf7a61f42204e9ab62bcf14d1c698f2,default
3,0,step_3_candidate_0,MarketIndex,REFERENCES,"[[""Article"", ""MENTIONS"", ""MarketIndex""]]",0.5835240274599542,0.004576659038901587,last_accepted_winner,rejected,7cf7a61f42204e9ab62bcf14d1c698f2,default
3,1,step_3_candidate_1,CorporateAction,ANNOUNCES,"[[""Company"", ""ANNOUNCES"", ""CorporateAction""], [""Article"", ""ANNOUNCES"", ""CorporateAction""]]",0.608695652173913,0.029748283752860316,last_accepted_winner,accepted,7cf7a61f42204e9ab62bcf14d1c698f2,default
4,0,step_4_candidate_0,EarningsReport,REPORTS_EARNINGS,"[[""Company"", ""REPORTS_EARNINGS"", ""EarningsReport""], [""Article"", ""REPORTS_EARNINGS"", ""EarningsReport""]]",0.5354691075514874,-0.07322654462242562,last_accepted_winner,rejected,7cf7a61f42204e9ab62bcf14d1c698f2,default
4,1,step_4_candidate_1,EconomicSector,BELONGS_TO,"[[""Company"", ""BELONGS_TO"", ""EconomicSector""]]",0.5995423340961099,-0.009153318077803063,last_accepted_winner,rejected,7cf7a61f42204e9ab62bcf14d1c698f2,default
5,0,step_5_candidate_0,EconomicEvent,REPORTS,"[[""Article"", ""REPORTS"", ""EconomicEvent""]]",0.5491990846681922,-0.05949656750572074,last_accepted_winner,rejected,7cf7a61f42204e9ab62bcf14d1c698f2,default
5,1,step_5_candidate_1,EconomicEvent,REPORTS,"[[""Article"", ""REPORTS"", ""EconomicEvent""]]",0.49885583524027455,-0.10983981693363842,last_accepted_winner,rejected,7cf7a61f42204e9ab62bcf14d1c698f2,default
1,0,step_1_candidate_0,EconomicIndicator,REFERENCES,"[[""Article"", ""MENTIONS"", ""EconomicIndicator""]]",0.4347826086956522,-0.08695652173913038,baseline_article_embedding,rejected,3ccbba8ba9d84009adb2b086511b3c04,event_driven
1,1,step_1_candidate_1,RegulatoryBody,MENTIONS_REGULATORY_BODY,"[[""Article"", ""MENTIONS_REGULATORY_BODY"", ""RegulatoryBody""]]",0.49427917620137296,-0.027459954233409634,baseline_article_embedding,accepted,3ccbba8ba9d84009adb2b086511b3c04,event_driven
2,0,step_2_candidate_0,CreditRating,HAS_CREDIT_RATING,"[[""Company"", ""HAS_CREDIT_RATING"", ""CreditRating""]]",0.6041189931350114,0.10983981693363842,last_accepted_winner,accepted,3ccbba8ba9d84009adb2b086511b3c04,event_driven
2,1,step_2_candidate_1,GeographicRegion,LOCATED_IN,"[[""Company"", ""LOCATED_IN"", ""GeographicRegion""]]",0.3958810068649885,-0.09839816933638446,last_accepted_winner,rejected,3ccbba8ba9d84009adb2b086511b3c04,event_driven
3,0,step_3_candidate_0,CorporateAction,ANNOUNCES,"[[""Company"", ""ANNOUNCES"", ""CorporateAction""], [""Article"", ""MENTIONS"", ""CorporateAction""]]",0.4645308924485126,-0.1395881006864988,last_accepted_winner,rejected,3ccbba8ba9d84009adb2b086511b3c04,event_driven
3,1,step_3_candidate_1,MarketIndex,MENTIONS_MARKET_INDEX,"[[""Article"", ""MENTIONS_MARKET_INDEX"", ""MarketIndex""]]",0.34553775743707094,-0.25858123569794045,last_accepted_winner,rejected,3ccbba8ba9d84009adb2b086511b3c04,event_driven
4,0,step_4_candidate_0,EarningsReport,REPORTS_EARNINGS,"[[""Company"", ""REPORTS_EARNINGS"", ""EarningsReport""]]",0.43935926773455375,-0.16475972540045764,last_accepted_winner,rejected,3ccbba8ba9d84009adb2b086511b3c04,event_driven
4,1,step_4_candidate_1,Industry,OPERATES_IN,"[[""Company"", ""OPERATES_IN"", ""Industry""]]",0.34553775743707094,-0.25858123569794045,last_accepted_winner,rejected,3ccbba8ba9d84009adb2b086511b3c04,event_driven
5,0,step_5_candidate_0,LegalAction,INVOLVES_LEGAL_ACTION,"[[""Article"", ""INVOLVES_LEGAL_ACTION"", ""LegalAction""], [""Company"", ""INVOLVES_LEGAL_ACTION"", ""LegalAction""]]",0.37986270022883295,-0.22425629290617843,last_accepted_winner,rejected,3ccbba8ba9d84009adb2b086511b3c04,event_driven
5,1,step_5_candidate_1,Executive,MENTIONS_EXECUTIVE,"[[""Article"", ""MENTIONS_EXECUTIVE"", ""Executive""]]",0.3386727688787185,-0.2654462242562929,last_accepted_winner,rejected,3ccbba8ba9d84009adb2b086511b3c04,event_driven
6,0,step_6_candidate_0,MarketCap,HAS_MARKET_CAP,"[[""Company"", ""HAS_MARKET_CAP"", ""MarketCap""]]",0.425629290617849,-0.1784897025171624,last_accepted_winner,rejected,3ccbba8ba9d84009adb2b086511b3c04,event_driven
6,1,step_6_candidate_1,Dividend,ANNOUNCES_DIVIDEND,"[[""Company"", ""ANNOUNCES_DIVIDEND"", ""Dividend""]]",0.3890160183066361,-0.21510297482837526,last_accepted_winner,rejected,3ccbba8ba9d84009adb2b086511b3c04,event_driven
7,0,step_7_candidate_0,Product,MENTIONS_PRODUCT,"[[""Article"", ""MENTIONS_PRODUCT"", ""Product""]]",0.2929061784897025,-0.31121281464530887,last_accepted_winner,rejected,3ccbba8ba9d84009adb2b086511b3c04,event_driven
7,1,step_7_candidate_1,MarketEvent,MENTIONS_MARKET_EVENT,"[[""Article"", ""MENTIONS_MARKET_EVENT"", ""MarketEvent""]]",0.4622425629290618,-0.1418764302059496,last_accepted_winner,rejected,3ccbba8ba9d84009adb2b086511b3c04,event_driven
1,0,step_1_candidate_0,EconomicIndicator,REFERENCES,"[[""Article"", ""MENTIONS"", ""EconomicIndicator""]]",0.517162471395881,-0.004576659038901587,baseline_article_embedding,rejected,e535c269408446e390521c71c4586f22,fundamental
1,1,step_1_candidate_1,RegulatoryBody,MENTIONS_REGULATORY_BODY,"[[""Article"", ""MENTIONS_REGULATORY_BODY"", ""RegulatoryBody""]]",0.5835240274599542,0.06178489702517165,baseline_article_embedding,accepted,e535c269408446e390521c71c4586f22,fundamental
2,0,step_2_candidate_0,CreditRating,HAS_CREDIT_RATING,"[[""Company"", ""HAS_CREDIT_RATING"", ""CreditRating""]]",0.517162471395881,-0.06636155606407323,last_accepted_winner,rejected,e535c269408446e390521c71c4586f22,fundamental
2,1,step_2_candidate_1,GeographicRegion,MENTIONS_REGION,"[[""Article"", ""MENTIONS_REGION"", ""GeographicRegion""]]",0.5102974828375286,-0.07322654462242562,last_accepted_winner,rejected,e535c269408446e390521c71c4586f22,fundamental
3,0,step_3_candidate_0,MarketIndex,MENTIONS_MARKET_INDEX,"[[""Article"", ""MENTIONS_MARKET_INDEX"", ""MarketIndex""]]",0.5263157894736842,-0.05720823798627006,last_accepted_winner,rejected,e535c269408446e390521c71c4586f22,fundamental
3,1,step_3_candidate_1,CorporateAction,DESCRIBES_CORPORATE_ACTION,"[[""Article"", ""DESCRIBES_CORPORATE_ACTION"", ""CorporateAction""]]",0.551487414187643,-0.03203661327231122,last_accepted_winner,rejected,e535c269408446e390521c71c4586f22,fundamental
4,0,step_4_candidate_0,Industry,OPERATES_IN,"[[""Company"", ""OPERATES_IN"", ""Industry""]]",0.5537757437070938,-0.029748283752860427,last_accepted_winner,rejected,e535c269408446e390521c71c4586f22,fundamental
4,1,step_4_candidate_1,LegalAction,INVOLVES_LEGAL_ACTION,"[[""Article"", ""INVOLVES_LEGAL_ACTION"", ""LegalAction""]]",0.5583524027459954,-0.02517162471395884,last_accepted_winner,rejected,e535c269408446e390521c71c4586f22,fundamental
5,0,step_5_candidate_0,EarningsReport,HAS_EARNINGS_REPORT,"[[""Company"", ""HAS_EARNINGS_REPORT"", ""EarningsReport""]]",0.562929061784897,-0.020594965675057253,last_accepted_winner,rejected,e535c269408446e390521c71c4586f22,fundamental
5,1,step_5_candidate_1,Product,MENTIONS_PRODUCT,"[[""Article"", ""MENTIONS_PRODUCT"", ""Product""]]",0.5926773455377574,0.009153318077803174,last_accepted_winner,accepted,e535c269408446e390521c71c4586f22,fundamental
1,0,step_1_candidate_0,EconomicIndicator,REFERENCES,"[[""Article"", ""MENTIONS"", ""EconomicIndicator""]]",0.5240274599542334,0.0022883295194507935,baseline_article_embedding,accepted,ba2b7b9d22bd4a8589ad2e97c5cb8f20,event_driven
1,1,step_1_candidate_1,RegulatoryBody,ISSUED_BY,"[[""Article"", ""ISSUED_BY"", ""RegulatoryBody""]]",0.45080091533180777,-0.07093821510297482,baseline_article_embedding,rejected,ba2b7b9d22bd4a8589ad2e97c5cb8f20,event_driven
2,0,step_2_candidate_0,CreditRating,HAS_CREDIT_RATING,"[[""Company"", ""HAS_CREDIT_RATING"", ""CreditRating""]]",0.437070938215103,-0.08695652173913038,last_accepted_winner,rejected,ba2b7b9d22bd4a8589ad2e97c5cb8f20,event_driven
2,1,step_2_candidate_1,Sector,BELONGS_TO,"[[""Company"", ""BELONGS_TO"", ""Sector""]]",0.585812356979405,0.06178489702517165,last_accepted_winner,accepted,ba2b7b9d22bd4a8589ad2e97c5cb8f20,event_driven
3,0,step_3_candidate_0,RegulatoryAnnouncement,ANNOUNCED_BY,"[[""RegulatoryAnnouncement"", ""ANNOUNCED_BY"", ""Company""], [""Article"", ""RELATES_TO"", ""RegulatoryAnnouncement""]]",0.5926773455377574,0.006864988558352381,last_accepted_winner,accepted,ba2b7b9d22bd4a8589ad2e97c5cb8f20,event_driven
3,1,step_3_candidate_1,MergerAcquisition,ANNOUNCES_M&A,"[[""Company"", ""ANNOUNCES_M&A"", ""MergerAcquisition""]]",0.38443935926773454,-0.2013729977116705,last_accepted_winner,rejected,ba2b7b9d22bd4a8589ad2e97c5cb8f20,event_driven
4,0,step_4_candidate_0,GeographicRegion,LOCATED_IN,"[[""Company"", ""LOCATED_IN"", ""GeographicRegion""]]",0.37528604118993136,-0.21739130434782605,last_accepted_winner,rejected,ba2b7b9d22bd4a8589ad2e97c5cb8f20,event_driven
4,1,step_4_candidate_1,Executive,HAS_EXECUTIVE,"[[""Company"", ""HAS_EXECUTIVE"", ""Executive""]]",0.5011441647597255,-0.09153318077803196,last_accepted_winner,rejected,ba2b7b9d22bd4a8589ad2e97c5cb8f20,event_driven
5,0,step_5_candidate_0,MarketEvent,TRIGGERS,"[[""Article"", ""TRIGGERS"", ""MarketEvent""], [""Company"", ""TRIGGERS"", ""MarketEvent""], [""EconomicIndicator"", ""TRIGGERS"", ""MarketEvent""]]",0.44622425629290613,-0.1464530892448513,last_accepted_winner,rejected,ba2b7b9d22bd4a8589ad2e97c5cb8f20,event_driven
5,1,step_5_candidate_1,ProductLaunch,ANNOUNCES_PRODUCT_LAUNCH,"[[""Company"", ""ANNOUNCES_PRODUCT_LAUNCH"", ""ProductLaunch""], [""Article"", ""MENTIONS"", ""ProductLaunch""]]",0.4187643020594966,-0.1739130434782608,last_accepted_winner,rejected,ba2b7b9d22bd4a8589ad2e97c5cb8f20,event_driven
1,0,step_1_candidate_0,EconomicIndicator,REFERENCES,"[[""Article"", ""MENTIONS"", ""EconomicIndicator""]]",0.5240274599542335,0.0022883295194509046,baseline_article_embedding,rejected,84ae77b00c1c4326a1717882d9a9914b,fundamental
1,1,step_1_candidate_1,RegulatoryBody,ISSUED_BY,"[[""Article"", ""ISSUED_BY"", ""RegulatoryBody""]]",0.5881006864988558,0.06636155606407323,baseline_article_embedding,accepted,84ae77b00c1c4326a1717882d9a9914b,fundamental
2,0,step_2_candidate_0,CreditRating,HAS_CREDIT_RATING,"[[""Company"", ""HAS_CREDIT_RATING"", ""CreditRating""]]",0.41189931350114417,-0.17620137299771166,last_accepted_winner,rejected,84ae77b00c1c4326a1717882d9a9914b,fundamental
2,1,step_2_candidate_1,GeographicRegion,LOCATED_IN,"[[""Company"", ""LOCATED_IN"", ""GeographicRegion""]]",0.4050343249427918,-0.18306636155606404,last_accepted_winner,rejected,84ae77b00c1c4326a1717882d9a9914b,fundamental
3,0,step_3_candidate_0,MarketIndex,AFFECTS,"[[""Article"", ""AFFECTS"", ""MarketIndex""]]",0.3981693363844394,-0.18993135011441642,last_accepted_winner,rejected,84ae77b00c1c4326a1717882d9a9914b,fundamental
3,1,step_3_candidate_1,CorporateAction,TRIGGERS,"[[""Article"", ""TRIGGERS"", ""CorporateAction""], [""Company"", ""TRIGGERS"", ""CorporateAction""]]",0.4965675057208238,-0.09153318077803202,last_accepted_winner,rejected,84ae77b00c1c4326a1717882d9a9914b,fundamental
1,0,step_1_candidate_0,EconomicIndicator,REFERENCES,"[[""Article"", ""MENTIONS"", ""EconomicIndicator""]]",0.4553775743707094,-0.19450800915331795,baseline_article_embedding,rejected,643f3dd865c347ed823f7e2419bbbf5a,default
1,1,step_1_candidate_1,EarningsReport,HAS_EARNINGS,"[[""Company"", ""HAS_EARNINGS"", ""EarningsReport""]]",0.5652173913043478,-0.08466819221967958,baseline_article_embedding,accepted,643f3dd865c347ed823f7e2419bbbf5a,default
2,0,step_2_candidate_0,RegulatoryBody,MENTIONS_REGULATORY,"[[""Article"", ""MENTIONS_REGULATORY"", ""RegulatoryBody""]]",0.562929061784897,-0.0022883295194507935,last_accepted_winner,rejected,643f3dd865c347ed823f7e2419bbbf5a,default
2,1,step_2_candidate_1,RegulatoryAnnouncement,HAS_REGULATORY_ANNOUNCEMENT,"[[""Company"", ""HAS_REGULATORY_ANNOUNCEMENT"", ""RegulatoryAnnouncement""]]",0.5881006864988558,0.022883295194508046,last_accepted_winner,accepted,643f3dd865c347ed823f7e2419bbbf5a,default
3,0,step_3_candidate_0,CreditRating,HAS_CREDIT_RATING,"[[""Company"", ""HAS_CREDIT_RATING"", ""CreditRating""]]",0.4485125858123569,-0.1395881006864989,last_accepted_winner,rejected,643f3dd865c347ed823f7e2419bbbf5a,default
3,1,step_3_candidate_1,GeographicRegion,OPERATES_IN,"[[""Company"", ""OPERATES_IN"", ""GeographicRegion""]]",0.540045766590389,-0.048054919908466776,last_accepted_winner,rejected,643f3dd865c347ed823f7e2419bbbf5a,default
1,0,step_1_candidate_0,EconomicIndicator,REFERENCES,"[[""Article"", ""MENTIONS"", ""EconomicIndicator""]]",0.3981693363844394,-0.160183066361556,baseline_article_embedding,rejected,5cbad7683bf74a57b8056a6d01866ea1,fundamental
1,1,step_1_candidate_1,RegulatoryBody,MENTIONS_REGULATORY_BODY,"[[""Article"", ""MENTIONS_REGULATORY_BODY"", ""RegulatoryBody""]]",0.5835240274599544,0.02517162471395895,baseline_article_embedding,accepted,5cbad7683bf74a57b8056a6d01866ea1,fundamental
2,0,step_2_candidate_0,CreditRating,HAS_CREDIT_RATING,"[[""Company"", ""HAS_CREDIT_RATING"", ""CreditRating""]]",0.45995423340961095,-0.1235697940503434,last_accepted_winner,rejected,5cbad7683bf74a57b8056a6d01866ea1,fundamental
2,1,step_2_candidate_1,GeographicRegion,LOCATED_IN,"[[""Company"", ""LOCATED_IN"", ""GeographicRegion""]]",0.37986270022883295,-0.2036613272311214,last_accepted_winner,rejected,5cbad7683bf74a57b8056a6d01866ea1,fundamental
3,0,step_3_candidate_0,Industry,OPERATES_IN,"[[""Company"", ""OPERATES_IN"", ""Industry""]]",0.5446224256292906,-0.03890160183066371,last_accepted_winner,rejected,5cbad7683bf74a57b8056a6d01866ea1,fundamental
3,1,step_3_candidate_1,CorporateAction,TRIGGERS,"[[""Article"", ""TRIGGERS"", ""CorporateAction""], [""Company"", ""TRIGGERS"", ""CorporateAction""]]",0.49427917620137296,-0.08924485125858139,last_accepted_winner,rejected,5cbad7683bf74a57b8056a6d01866ea1,fundamental
4,0,step_4_candidate_0,MarketEvent,TRIGGERS_MARKET_EVENT,"[[""Article"", ""TRIGGERS_MARKET_EVENT"", ""MarketEvent""]]",0.5446224256292906,-0.03890160183066371,last_accepted_winner,rejected,5cbad7683bf74a57b8056a6d01866ea1,fundamental
4,1,step_4_candidate_1,EarningsReport,HAS_EARNINGS_REPORT,"[[""Company"", ""HAS_EARNINGS_REPORT"", ""EarningsReport""]]",0.471395881006865,-0.11212814645308933,last_accepted_winner,rejected,5cbad7683bf74a57b8056a6d01866ea1,fundamental
5,0,step_5_candidate_0,MarketIndex,MENTIONS_MARKET_INDEX,"[[""Article"", ""MENTIONS_MARKET_INDEX"", ""MarketIndex""]]",0.505720823798627,-0.07780320366132731,last_accepted_winner,rejected,5cbad7683bf74a57b8056a6d01866ea1,fundamental
5,1,step_5_candidate_1,CorporateAction,MENTIONS_CORPORATE_ACTION,"[[""Article"", ""MENTIONS_CORPORATE_ACTION"", ""CorporateAction""]]",0.482837528604119,-0.10068649885583536,last_accepted_winner,rejected,5cbad7683bf74a57b8056a6d01866ea1,fundamental
1,0,step_1_candidate_0,EconomicIndicator,REFERENCES,"[[""Article"", ""MENTIONS"", ""EconomicIndicator""]]",0.5835240274599542,0.06178489702517165,baseline_article_embedding,accepted,a0bc392a67a546169e61bac5718d5136,event_driven
1,1,step_1_candidate_1,RegulatoryBody,MENTIONS_REGULATORY_BODY,"[[""Article"", ""MENTIONS_REGULATORY_BODY"", ""RegulatoryBody""]]",0.5080091533180777,-0.013729977116704872,baseline_article_embedding,rejected,a0bc392a67a546169e61bac5718d5136,event_driven
2,0,step_2_candidate_0,CreditRating,HAS_CREDIT_RATING,"[[""Company"", ""HAS_CREDIT_RATING"", ""CreditRating""]]",0.4897025171624714,-0.09382151029748287,last_accepted_winner,rejected,a0bc392a67a546169e61bac5718d5136,event_driven
2,1,step_2_candidate_1,RegulatoryAnnouncement,MENTIONS_REGULATORY_ANNOUNCEMENT,"[[""Article"", ""MENTIONS_REGULATORY_ANNOUNCEMENT"", ""RegulatoryAnnouncement""]]",0.4736842105263158,-0.10983981693363842,last_accepted_winner,rejected,a0bc392a67a546169e61bac5718d5136,event_driven
3,0,step_3_candidate_0,Sector,BELONGS_TO,"[[""Company"", ""BELONGS_TO"", ""Sector""]]",0.45766590389016015,-0.1258581235697941,last_accepted_winner,rejected,a0bc392a67a546169e61bac5718d5136,event_driven
3,1,step_3_candidate_1,CorporateAction,TRIGGERS,"[[""Article"", ""TRIGGERS"", ""CorporateAction""], [""Company"", ""TRIGGERS"", ""CorporateAction""]]",0.38215102974828374,-0.2013729977116705,last_accepted_winner,rejected,a0bc392a67a546169e61bac5718d5136,event_driven
1,0,step_1_candidate_0,EconomicIndicator,REFERENCES,"[[""Article"", ""MENTIONS"", ""EconomicIndicator""]]",0.3707093821510298,-0.18764302059496563,baseline_article_embedding,rejected,ae9ec49cc46e460dbe94c264c6a71a02,event_driven
1,1,step_1_candidate_1,RegulatoryBody,MENTIONS_REGULATORY_BODY,"[[""Article"", ""MENTIONS_REGULATORY_BODY"", ""RegulatoryBody""]]",0.5537757437070938,-0.004576659038901587,baseline_article_embedding,accepted,ae9ec49cc46e460dbe94c264c6a71a02,event_driven
2,0,step_2_candidate_0,CreditRating,HAS_CREDIT_RATING,"[[""Company"", ""HAS_CREDIT_RATING"", ""CreditRating""]]",0.38672768878718533,-0.16704805491990848,last_accepted_winner,rejected,ae9ec49cc46e460dbe94c264c6a71a02,event_driven
2,1,step_2_candidate_1,GeographicRegion,LOCATED_IN,"[[""Company"", ""LOCATED_IN"", ""GeographicRegion""]]",0.4919908466819222,-0.06178489702517159,last_accepted_winner,rejected,ae9ec49cc46e460dbe94c264c6a71a02,event_driven
3,0,step_3_candidate_0,Industry,OPERATES_IN,"[[""Company"", ""OPERATES_IN"", ""Industry""]]",0.5011441647597255,-0.05263157894736836,last_accepted_winner,rejected,ae9ec49cc46e460dbe94c264c6a71a02,event_driven
3,1,step_3_candidate_1,MarketIndex,MENTIONS_MARKET_INDEX,"[[""Article"", ""MENTIONS_MARKET_INDEX"", ""MarketIndex""]]",0.5743707093821511,0.020594965675057253,last_accepted_winner,accepted,ae9ec49cc46e460dbe94c264c6a71a02,event_driven
4,0,step_4_candidate_0,CorporateAction,MENTIONS_CORPORATE_ACTION,"[[""Article"", ""MENTIONS_CORPORATE_ACTION"", ""CorporateAction""]]",0.5583524027459954,-0.016018306636155666,last_accepted_winner,rejected,ae9ec49cc46e460dbe94c264c6a71a02,event_driven
4,1,step_4_candidate_1,EarningsReport,MENTIONS_EARNINGS_REPORT,"[[""Article"", ""MENTIONS_EARNINGS_REPORT"", ""EarningsReport""]]",0.40274599542334094,-0.17162471395881013,last_accepted_winner,rejected,ae9ec49cc46e460dbe94c264c6a71a02,event_driven
5,0,step_5_candidate_0,Executive,MENTIONS_EXECUTIVE,"[[""Article"", ""MENTIONS_EXECUTIVE"", ""Executive""]]",0.4691075514874142,-0.10526315789473689,last_accepted_winner,rejected,ae9ec49cc46e460dbe94c264c6a71a02,event_driven
5,1,step_5_candidate_1,Product,MENTIONS_PRODUCT,"[[""Article"", ""MENTIONS_PRODUCT"", ""Product""]]",0.5102974828375286,-0.06407322654462244,last_accepted_winner,rejected,ae9ec49cc46e460dbe94c264c6a71a02,event_driven
1,0,step_1_candidate_0,EconomicIndicator,REFERENCES,"[[""Article"", ""MENTIONS"", ""EconomicIndicator""]]",0.49885583524027466,-0.022883295194507935,baseline_article_embedding,rejected,6e63ca86c17a4c2aa1906440695c434a,default
1,1,step_1_candidate_1,RegulatoryBody,MENTIONS_REGULATORY_BODY,"[[""Article"", ""MENTIONS_REGULATORY_BODY"", ""RegulatoryBody""]]",0.5423340961098398,0.020594965675057253,baseline_article_embedding,accepted,6e63ca86c17a4c2aa1906440695c434a,default
2,0,step_2_candidate_0,CreditRating,HAS_CREDIT_RATING,"[[""Company"", ""HAS_CREDIT_RATING"", ""CreditRating""]]",0.41647597254004576,-0.1258581235697941,last_accepted_winner,rejected,6e63ca86c17a4c2aa1906440695c434a,default
2,1,step_2_candidate_1,GeographicRegion,LOCATED_IN,"[[""Company"", ""LOCATED_IN"", ""GeographicRegion""]]",0.46910755148741423,-0.07322654462242562,last_accepted_winner,rejected,6e63ca86c17a4c2aa1906440695c434a,default
3,0,step_3_candidate_0,Industry,OPERATES_IN,"[[""Company"", ""OPERATES_IN"", ""Industry""]]",0.5034324942791761,-0.03890160183066371,last_accepted_winner,rejected,6e63ca86c17a4c2aa1906440695c434a,default
3,1,step_3_candidate_1,CorporateAction,DESCRIBES_CORPORATE_ACTION,"[[""Article"", ""DESCRIBES_CORPORATE_ACTION"", ""CorporateAction""]]",0.505720823798627,-0.03661327231121281,last_accepted_winner,rejected,6e63ca86c17a4c2aa1906440695c434a,default
4,0,step_4_candidate_0,MarketIndex,MENTIONS_MARKET_INDEX,"[[""Article"", ""MENTIONS_MARKET_INDEX"", ""MarketIndex""]]",0.5217391304347827,-0.020594965675057142,last_accepted_winner,rejected,6e63ca86c17a4c2aa1906440695c434a,default
4,1,step_4_candidate_1,LegalAction,INVOLVES_LEGAL_ACTION,"[[""Article"", ""INVOLVES_LEGAL_ACTION"", ""LegalAction""]]",0.49427917620137296,-0.04805491990846689,last_accepted_winner,rejected,6e63ca86c17a4c2aa1906440695c434a,default
5,0,step_5_candidate_0,LegalEntity,MENTIONS_LEGAL_ENTITY,"[[""Article"", ""MENTIONS_LEGAL_ENTITY"", ""LegalEntity""]]",0.4553775743707094,-0.08695652173913043,last_accepted_winner,rejected,6e63ca86c17a4c2aa1906440695c434a,default
5,1,step_5_candidate_1,Product,MENTIONS_PRODUCT,"[[""Article"", ""MENTIONS_PRODUCT"", ""Product""]]",0.551487414187643,0.009153318077803174,last_accepted_winner,accepted,6e63ca86c17a4c2aa1906440695c434a,default
6,0,step_6_candidate_0,Executive,MENTIONS_EXECUTIVE,"[[""Article"", ""MENTIONS_EXECUTIVE"", ""Executive""]]",0.4805491990846682,-0.07093821510297482,last_accepted_winner,rejected,6e63ca86c17a4c2aa1906440695c434a,default
6,1,step_6_candidate_1,MarketEvent,MENTIONS_MARKET_EVENT,"[[""Article"", ""MENTIONS_MARKET_EVENT"", ""MarketEvent""]]",0.4210526315789474,-0.13043478260869562,last_accepted_winner,rejected,6e63ca86c17a4c2aa1906440695c434a,default
7,0,step_7_candidate_0,EarningsReport,MENTIONS_EARNINGS_REPORT,"[[""Article"", ""MENTIONS_EARNINGS_REPORT"", ""EarningsReport""]]",0.5720823798627002,0.020594965675057142,last_accepted_winner,accepted,6e63ca86c17a4c2aa1906440695c434a,default
7,1,step_7_candidate_1,MarketCap,HAS_MARKET_CAP,"[[""Company"", ""HAS_MARKET_CAP"", ""MarketCap""]]",0.4897025171624714,-0.06178489702517165,last_accepted_winner,rejected,6e63ca86c17a4c2aa1906440695c434a,default
1,0,step_1_candidate_0,EconomicIndicator,REFERENCES,"[[""Article"", ""MENTIONS"", ""EconomicIndicator""]]",0.5148741418764302,-0.13501144164759715,baseline_article_embedding,rejected,6055b67989884f84a004ab63b7e3a637,event_driven
1,1,step_1_candidate_1,RegulatoryBody,MENTIONS_REGULATORY_BODY,"[[""Article"", ""MENTIONS_REGULATORY_BODY"", ""RegulatoryBody""]]",0.5720823798627002,-0.0778032036613272,baseline_article_embedding,accepted,6055b67989884f84a004ab63b7e3a637,event_driven
2,0,step_2_candidate_0,CreditRating,HAS_CREDIT_RATING,"[[""Company"", ""HAS_CREDIT_RATING"", ""CreditRating""]]",0.5423340961098397,-0.029748283752860427,last_accepted_winner,rejected,6055b67989884f84a004ab63b7e3a637,event_driven
2,1,step_2_candidate_1,GeographicRegion,LOCATED_IN,"[[""Company"", ""LOCATED_IN"", ""GeographicRegion""]]",0.4759725400457666,-0.09610983981693355,last_accepted_winner,rejected,6055b67989884f84a004ab63b7e3a637,event_driven
3,0,step_3_candidate_0,MarketIndex,MENTIONS_MARKET_INDEX,"[[""Article"", ""MENTIONS_MARKET_INDEX"", ""MarketIndex""]]",0.49885583524027455,-0.07322654462242562,last_accepted_winner,rejected,6055b67989884f84a004ab63b7e3a637,event_driven
3,1,step_3_candidate_1,CorporateAction,MENTIONS_CORPORATE_ACTION,"[[""Article"", ""MENTIONS_CORPORATE_ACTION"", ""CorporateAction""]]",0.517162471395881,-0.054919908466819156,last_accepted_winner,rejected,6055b67989884f84a004ab63b7e3a637,event_driven
1,0,step_1_candidate_0,EconomicIndicator,REFERENCES,"[[""Article"", ""MENTIONS"", ""EconomicIndicator""]]",0.5629290617848971,0.041189931350114506,baseline_article_embedding,accepted,29780cc56f64445aabf283e6eee5d9e4,fundamental
1,1,step_1_candidate_1,EarningsReport,HAS_EARNINGS,"[[""Company"", ""HAS_EARNINGS"", ""EarningsReport""]]",0.5560640732265445,0.0343249427917619,baseline_article_embedding,rejected,29780cc56f64445aabf283e6eee5d9e4,fundamental
2,0,step_2_candidate_0,RegulatoryBody,ISSUED_BY,"[[""Article"", ""MENTIONS"", ""RegulatoryBody""], [""EconomicIndicator"", ""MENTIONS"", ""RegulatoryBody""], [""EconomicIndicator"", ""ISSUED_BY"", ""RegulatoryBody""]]",0.5240274599542334,-0.03890160183066371,last_accepted_winner,rejected,29780cc56f64445aabf283e6eee5d9e4,fundamental
2,1,step_2_candidate_1,CreditRating,HAS_CREDIT_RATING,"[[""Company"", ""HAS_CREDIT_RATING"", ""CreditRating""]]",0.45080091533180777,-0.11212814645308933,last_accepted_winner,rejected,29780cc56f64445aabf283e6eee5d9e4,fundamental
3,0,step_3_candidate_0,RegulatoryAnnouncement,ANNOUNCED_BY,"[[""RegulatoryAnnouncement"", ""ANNOUNCED_BY"", ""Company""], [""Article"", ""MENTIONS"", ""RegulatoryAnnouncement""]]",0.49885583524027466,-0.06407322654462244,last_accepted_winner,rejected,29780cc56f64445aabf283e6eee5d9e4,fundamental
3,1,step_3_candidate_1,RegulatoryAnnouncement,ANNOUNCED,"[[""RegulatoryAnnouncement"", ""ANNOUNCED"", ""Day""], [""Article"", ""MENTIONS"", ""RegulatoryAnnouncement""]]",0.4805491990846682,-0.0823798627002289,last_accepted_winner,rejected,29780cc56f64445aabf283e6eee5d9e4,fundamental
4,0,step_4_candidate_0,RegulatoryAnnouncement,ANNOUNCES,"[[""RegulatoryAnnouncement"", ""ANNOUNCES"", ""Company""], [""Article"", ""MENTIONS"", ""RegulatoryAnnouncement""]]",0.4073226544622426,-0.15560640732265452,last_accepted_winner,rejected,29780cc56f64445aabf283e6eee5d9e4,fundamental
4,1,step_4_candidate_1,CorporateAction,ANNOUNCES_ACTION,"[[""Article"", ""ANNOUNCES_ACTION"", ""CorporateAction""], [""Company"", ""ANNOUNCES_ACTION"", ""CorporateAction""]]",0.4691075514874142,-0.09382151029748292,last_accepted_winner,rejected,29780cc56f64445aabf283e6eee5d9e4,fundamental
5,0,step_5_candidate_0,MarketSentiment,HAS_SENTIMENT,"[[""Article"", ""HAS_SENTIMENT"", ""MarketSentiment""]]",0.5034324942791762,-0.059496567505720854,last_accepted_winner,rejected,29780cc56f64445aabf283e6eee5d9e4,fundamental
5,1,step_5_candidate_1,MarketEvent,ANNOUNCES_EVENT,"[[""Article"", ""ANNOUNCES_EVENT"", ""MarketEvent""]]",0.4462242562929062,-0.11670480549199092,last_accepted_winner,rejected,29780cc56f64445aabf283e6eee5d9e4,fundamental
6,0,step_6_candidate_0,MergerAcquisition,ANNOUNCES_M&A,"[[""Article"", ""ANNOUNCES_M&A"", ""MergerAcquisition""]]",0.3661327231121282,-0.1967963386727689,last_accepted_winner,rejected,29780cc56f64445aabf283e6eee5d9e4,fundamental
6,1,step_6_candidate_1,RegulatoryAnnouncement,ANNOUNCES_REGULATORY,"[[""Article"", ""ANNOUNCES_REGULATORY"", ""RegulatoryAnnouncement""]]",0.2356979405034325,-0.3272311212814646,last_accepted_winner,rejected,29780cc56f64445aabf283e6eee5d9e4,fundamental
7,0,step_7_candidate_0,GeographicRegion,IMPACTS_REGION,"[[""Article"", ""IMPACTS_REGION"", ""GeographicRegion""]]",0.3890160183066361,-0.17391304347826098,last_accepted_winner,rejected,29780cc56f64445aabf283e6eee5d9e4,fundamental
7,1,step_7_candidate_1,MergerAcquisition,ANNOUNCES_M&A,"[[""Article"", ""ANNOUNCES_M&A"", ""MergerAcquisition""]]",0.43478260869565216,-0.12814645308924494,last_accepted_winner,rejected,29780cc56f64445aabf283e6eee5d9e4,fundamental
1,0,step_1_candidate_0,EconomicIndicator,REFERENCES,"[[""Article"", ""MENTIONS"", ""EconomicIndicator""]]",0.34096109839816935,-0.21739130434782605,baseline_article_embedding,rejected,05724f5089da43b7a6f176387749e799,fundamental
1,1,step_1_candidate_1,RegulatoryBody,MENTIONS_REGULATORY_BODY,"[[""Article"", ""MENTIONS_REGULATORY_BODY"", ""RegulatoryBody""]]",0.5491990846681922,-0.009153318077803174,baseline_article_embedding,accepted,05724f5089da43b7a6f176387749e799,fundamental
2,0,step_2_candidate_0,CreditRating,HAS_CREDIT_RATING,"[[""Company"", ""HAS_CREDIT_RATING"", ""CreditRating""]]",0.41876430205949655,-0.13043478260869568,last_accepted_winner,rejected,05724f5089da43b7a6f176387749e799,fundamental
2,1,step_2_candidate_1,GeographicRegion,LOCATED_IN,"[[""Company"", ""LOCATED_IN"", ""GeographicRegion""]]",0.4416475972540046,-0.10755148741418763,last_accepted_winner,rejected,05724f5089da43b7a6f176387749e799,fundamental
3,0,step_3_candidate_0,MarketEvent,TRIGGERS,"[[""Article"", ""TRIGGERS"", ""MarketEvent""]]",0.45995423340961095,-0.08924485125858128,last_accepted_winner,rejected,05724f5089da43b7a6f176387749e799,fundamental
3,1,step_3_candidate_1,EarningsReport,HAS_EARNINGS_REPORT,"[[""Company"", ""HAS_EARNINGS_REPORT"", ""EarningsReport""]]",0.40503432494279173,-0.1441647597254005,last_accepted_winner,rejected,05724f5089da43b7a6f176387749e799,fundamental
1,0,step_1_candidate_0,EconomicIndicator,REFERENCES,"[[""Article"", ""MENTIONS"", ""EconomicIndicator""]]",0.5354691075514875,-0.1144164759725399,baseline_article_embedding,rejected,032f7c839a274a17968e894f8f44757f,default
1,1,step_1_candidate_1,RegulatoryBody,MENTIONS_REGULATORY_BODY,"[[""Article"", ""MENTIONS_REGULATORY_BODY"", ""RegulatoryBody""]]",0.5446224256292906,-0.10526315789473673,baseline_article_embedding,accepted,032f7c839a274a17968e894f8f44757f,default
2,0,step_2_candidate_0,CreditRating,HAS_CREDIT_RATING,"[[""Company"", ""HAS_CREDIT_RATING"", ""CreditRating""]]",0.49656750572082375,-0.04805491990846689,last_accepted_winner,rejected,032f7c839a274a17968e894f8f44757f,default
2,1,step_2_candidate_1,GeographicRegion,LOCATED_IN,"[[""Company"", ""LOCATED_IN"", ""GeographicRegion""]]",0.5354691075514875,-0.009153318077803174,last_accepted_winner,rejected,032f7c839a274a17968e894f8f44757f,default
3,0,step_3_candidate_0,MarketIndex,MENTIONS_MARKET_INDEX,"[[""Article"", ""MENTIONS_MARKET_INDEX"", ""MarketIndex""]]",0.4439359267734554,-0.10068649885583525,last_accepted_winner,rejected,032f7c839a274a17968e894f8f44757f,default
3,1,step_3_candidate_1,CorporateAction,DESCRIBES_CORPORATE_ACTION,"[[""Article"", ""DESCRIBES_CORPORATE_ACTION"", ""CorporateAction""]]",0.5194508009153318,-0.02517162471395884,last_accepted_winner,rejected,032f7c839a274a17968e894f8f44757f,default
4,0,step_4_candidate_0,LegalAction,INVOLVES_LEGAL_ACTION,"[[""Article"", ""INVOLVES_LEGAL_ACTION"", ""LegalAction""]]",0.4050343249427918,-0.13958810068649885,last_accepted_winner,rejected,032f7c839a274a17968e894f8f44757f,default
4,1,step_4_candidate_1,Product,MENTIONS_PRODUCT,"[[""Article"", ""MENTIONS_PRODUCT"", ""Product""]]",0.2929061784897025,-0.2517162471395881,last_accepted_winner,rejected,032f7c839a274a17968e894f8f44757f,default
5,0,step_5_candidate_0,Industry,OPERATES_IN,"[[""Company"", ""OPERATES_IN"", ""Industry""]]",0.414187643020595,-0.13043478260869562,last_accepted_winner,rejected,032f7c839a274a17968e894f8f44757f,default
5,1,step_5_candidate_1,Executive,MENTIONS_EXECUTIVE,"[[""Article"", ""MENTIONS_EXECUTIVE"", ""Executive""]]",0.4874141876430206,-0.05720823798627006,last_accepted_winner,rejected,032f7c839a274a17968e894f8f44757f,default
1,0,step_1_candidate_0,EconomicIndicator,REFERENCES,"[[""Article"", ""MENTIONS"", ""EconomicIndicator""]]",0.4439359267734554,-0.0778032036613272,baseline_article_embedding,accepted,896206f0ea76473d9f577b7ae8501e3c,default
1,1,step_1_candidate_1,RegulatoryBody,MENTIONS_REGULATORY_BODY,"[[""Article"", ""MENTIONS_REGULATORY_BODY"", ""RegulatoryBody""]]",0.4439359267734554,-0.0778032036613272,baseline_article_embedding,rejected,896206f0ea76473d9f577b7ae8501e3c,default
2,0,step_2_candidate_0,RegulatoryAnnouncement,MENTIONS_REGULATORY_ANNOUNCEMENT,"[[""Article"", ""MENTIONS_REGULATORY_ANNOUNCEMENT"", ""RegulatoryAnnouncement""]]",0.4874141876430206,0.04347826086956519,last_accepted_winner,accepted,896206f0ea76473d9f577b7ae8501e3c,default
2,1,step_2_candidate_1,CreditRating,HAS_CREDIT_RATING,"[[""Company"", ""HAS_CREDIT_RATING"", ""CreditRating""]]",0.48512585812356984,0.04118993135011445,last_accepted_winner,rejected,896206f0ea76473d9f577b7ae8501e3c,default
3,0,step_3_candidate_0,Sector,OPERATES_IN,"[[""Company"", ""OPERATES_IN"", ""Sector""]]",0.437070938215103,-0.05034324942791757,last_accepted_winner,rejected,896206f0ea76473d9f577b7ae8501e3c,default
3,1,step_3_candidate_1,MarketEvent,MENTIONS_MARKET_EVENT,"[[""Article"", ""MENTIONS_MARKET_EVENT"", ""MarketEvent""]]",0.3752860411899313,-0.11212814645308927,last_accepted_winner,rejected,896206f0ea76473d9f577b7ae8501e3c,default
4,0,step_4_candidate_0,MergerAcquisition,MENTIONS_MERGER_ACQUISITION,"[[""Article"", ""MENTIONS_MERGER_ACQUISITION"", ""MergerAcquisition""]]",0.505720823798627,0.01830663615560646,last_accepted_winner,rejected,896206f0ea76473d9f577b7ae8501e3c,default
4,1,step_4_candidate_1,GeographicRegion,MENTIONS_GEOGRAPHIC_REGION,"[[""Article"", ""MENTIONS_GEOGRAPHIC_REGION"", ""GeographicRegion""]]",0.540045766590389,0.052631578947368474,last_accepted_winner,accepted,896206f0ea76473d9f577b7ae8501e3c,default
5,0,step_5_candidate_0,Executive,MENTIONS_EXECUTIVE,"[[""Article"", ""MENTIONS_EXECUTIVE"", ""Executive""]]",0.34324942791762014,-0.1967963386727689,last_accepted_winner,rejected,896206f0ea76473d9f577b7ae8501e3c,default
5,1,step_5_candidate_1,ProductLaunch,MENTIONS_PRODUCT_LAUNCH,"[[""Article"", ""MENTIONS_PRODUCT_LAUNCH"", ""ProductLaunch""]]",0.4096109839816934,-0.13043478260869568,last_accepted_winner,rejected,896206f0ea76473d9f577b7ae8501e3c,default
1,0,step_1_candidate_0,EconomicIndicator,REFERENCES,"[[""Article"", ""MENTIONS"", ""EconomicIndicator""]]",0.47597254004576656,-0.1739130434782608,baseline_article_embedding,rejected,5386655bce8a4d3795e53372ab42961c,fundamental
1,1,step_1_candidate_1,RegulatoryBody,MENTIONS_REGULATORY_BODY,"[[""Article"", ""MENTIONS_REGULATORY_BODY"", ""RegulatoryBody""]]",0.5240274599542334,-0.12585812356979398,baseline_article_embedding,accepted,5386655bce8a4d3795e53372ab42961c,fundamental
2,0,step_2_candidate_0,CreditRating,HAS_CREDIT_RATING,"[[""Company"", ""HAS_CREDIT_RATING"", ""CreditRating""]]",0.4279176201372998,-0.0961098398169336,last_accepted_winner,rejected,5386655bce8a4d3795e53372ab42961c,fundamental
2,1,step_2_candidate_1,GeographicRegion,LOCATED_IN,"[[""Company"", ""LOCATED_IN"", ""GeographicRegion""]]",0.43478260869565216,-0.08924485125858123,last_accepted_winner,rejected,5386655bce8a4d3795e53372ab42961c,fundamental
3,0,step_3_candidate_0,MarketIndex,MENTIONS_MARKET_INDEX,"[[""Article"", ""MENTIONS_MARKET_INDEX"", ""MarketIndex""]]",0.32494279176201374,-0.19908466819221965,last_accepted_winner,rejected,5386655bce8a4d3795e53372ab42961c,fundamental
3,1,step_3_candidate_1,CorporateAction,DESCRIBES_CORPORATE_ACTION,"[[""Article"", ""DESCRIBES_CORPORATE_ACTION"", ""CorporateAction""]]",0.2951945080091533,-0.22883295194508008,last_accepted_winner,rejected,5386655bce8a4d3795e53372ab42961c,fundamental
1,0,step_1_candidate_0,EconomicIndicator,REFERENCES,"[[""Article"", ""MENTIONS"", ""EconomicIndicator""]]",0.42105263157894735,-0.13729977116704806,baseline_article_embedding,rejected,e96b022e46dc4ed2b57f89e28949748a,default
1,1,step_1_candidate_1,RegulatoryBody,MENTIONS_REGULATORY_BODY,"[[""Article"", ""MENTIONS_REGULATORY_BODY"", ""RegulatoryBody""]]",0.4347826086956522,-0.12356979405034318,baseline_article_embedding,accepted,e96b022e46dc4ed2b57f89e28949748a,default
2,0,step_2_candidate_0,CreditRating,HAS_CREDIT_RATING,"[[""Company"", ""HAS_CREDIT_RATING"", ""CreditRating""]]",0.36155606407322655,-0.07322654462242567,last_accepted_winner,rejected,e96b022e46dc4ed2b57f89e28949748a,default
2,1,step_2_candidate_1,GeographicRegion,LOCATED_IN,"[[""Company"", ""LOCATED_IN"", ""GeographicRegion""]]",0.46910755148741423,0.034324942791762014,last_accepted_winner,accepted,e96b022e46dc4ed2b57f89e28949748a,default
3,0,step_3_candidate_0,EarningsReport,HAS_EARNINGS_REPORT,"[[""Company"", ""HAS_EARNINGS_REPORT"", ""EarningsReport""]]",0.39359267734553777,-0.07551487414187646,last_accepted_winner,rejected,e96b022e46dc4ed2b57f89e28949748a,default
3,1,step_3_candidate_1,MarketIndex,AFFECTS,"[[""Article"", ""AFFECTS"", ""MarketIndex""], [""Company"", ""AFFECTS"", ""MarketIndex""]]",0.4691075514874142,-5.551115123125783e-17,last_accepted_winner,rejected,e96b022e46dc4ed2b57f89e28949748a,default
